system:index,AREA_TOTAL,ASPECT_mean,ASPECT_p10,ASPECT_p50,ASPECT_p90,ASPECT_stdDev,DEM_mean,DEM_p10,DEM_p50,DEM_p90,DEM_stdDev,DESC_TALHA,EVI_SEASON_MEDIAN_mean,EVI_SEASON_MEDIAN_p10,EVI_SEASON_MEDIAN_p50,EVI_SEASON_MEDIAN_p90,EVI_SEASON_MEDIAN_stdDev,FAZENDA,HILLSHADE_mean,HILLSHADE_p10,HILLSHADE_p50,HILLSHADE_p90,HILLSHADE_stdDev,NDRE_SEASON_MEDIAN_mean,NDRE_SEASON_MEDIAN_p10,NDRE_SEASON_MEDIAN_p50,NDRE_SEASON_MEDIAN_p90,NDRE_SEASON_MEDIAN_stdDev,NDVI_DIFF_JAN_MAR_mean,NDVI_DIFF_JAN_MAR_p10,NDVI_DIFF_JAN_MAR_p50,NDVI_DIFF_JAN_MAR_p90,NDVI_DIFF_JAN_MAR_stdDev,NDVI_FEB_mean,NDVI_FEB_p10,NDVI_FEB_p50,NDVI_FEB_p90,NDVI_FEB_stdDev,NDVI_JAN_mean,NDVI_JAN_p10,NDVI_JAN_p50,NDVI_JAN_p90,NDVI_JAN_stdDev,NDVI_LATEST_mean,NDVI_LATEST_p10,NDVI_LATEST_p50,NDVI_LATEST_p90,NDVI_LATEST_stdDev,NDVI_MAR_mean,NDVI_MAR_p10,NDVI_MAR_p50,NDVI_MAR_p90,NDVI_MAR_stdDev,NDVI_SEASON_MEDIAN_mean,NDVI_SEASON_MEDIAN_p10,NDVI_SEASON_MEDIAN_p50,NDVI_SEASON_MEDIAN_p90,NDVI_SEASON_MEDIAN_stdDev,NDWI_SEASON_MEDIAN_mean,NDWI_SEASON_MEDIAN_p10,NDWI_SEASON_MEDIAN_p50,NDWI_SEASON_MEDIAN_p90,NDWI_SEASON_MEDIAN_stdDev,NOME_FAZ,RAIN_P95_MM_mean,RAIN_P95_MM_p10,RAIN_P95_MM_p50,RAIN_P95_MM_p90,RAIN_P95_MM_stdDev,RAIN_SUM_MM_mean,RAIN_SUM_MM_p10,RAIN_SUM_MM_p50,RAIN_SUM_MM_p90,RAIN_SUM_MM_stdDev,SLOPE_mean,SLOPE_p10,SLOPE_p50,SLOPE_p90,SLOPE_stdDev,STRESS_INDEX_mean,STRESS_INDEX_p10,STRESS_INDEX_p50,STRESS_INDEX_p90,STRESS_INDEX_stdDev,TALHAO,TEMP_MAX_C_mean,TEMP_MAX_C_p10,TEMP_MAX_C_p50,TEMP_MAX_C_p90,TEMP_MAX_C_stdDev,TEMP_MEAN_C_mean,TEMP_MEAN_C_p10,TEMP_MEAN_C_p50,TEMP_MEAN_C_p90,TEMP_MEAN_C_stdDev,TPI_90m_mean,TPI_90m_p10,TPI_90m_p50,TPI_90m_p90,TPI_90m_stdDev,.geo
0,76.82,,,,,,761.277823315186,750.7545166015626,762.6625366210938,770.222900390625,7.955154246070465,D1,0.2930287954713724,0.20484210106003858,0.28003683309976213,0.392111117649196,0.0758777779379276,3,,,,,,0.2793326004209795,0.2296608079307276,0.27094849571585655,0.33894550310422294,0.053715293513472234,-0.2598390658892586,-0.39215458432833356,-0.26402254899342853,-0.12774033950907843,0.12513691235780694,0.57952683247037,0.41988552410583024,0.5803636113251462,0.7325951787578866,0.12148996074861305,0.49372269815928854,0.3420982609680453,0.4863329739986119,0.6578723192214966,0.12620157845255872,0.13548780130327318,0.10761075182599453,0.1270254190354405,0.15411342583362506,0.06398989460635629,0.23388363227002978,0.17277220884958902,0.22924903023984017,0.2973081171512604,0.057144255133707536,0.4198520644658393,0.30242387056350706,0.41284229755401614,0.5413825411992136,0.09533819421181636,-0.537426683957524,-0.5965601607533917,-0.532501787435813,-0.48326091152998424,0.04618627130701321,SAN JORGE,44.61003875732422,44.61003875732422,44.61003875732422,44.61003875732422,0.0,425.68057107238565,425.68057107238565,425.68057107238565,425.68057107238565,0.0,,,,,,-0.3656237935582978,-0.4161127571585424,-0.3731209456006373,-0.32944909589631216,0.1414984812539579,41,0.0,0.0,0.0,0.0,0.0,0.0,0.0,0.0,0.0,0.0,0.18686680434172695,-4.9456726705306036,1.3059007862766152,2.9404735491542744,3.5565575833055543,"{""type"":""MultiPolygon"",""coordinates"":[[[[-53.173882,-18.738900000000005],[-53.173828,-18.738931],[-53.173828,-18.738127999999996],[-53.17390900000001,-18.738824],[-53.173882,-18.738900000000005]]],[[[-53.173828,-18.730853],[-53.173828,-18.729502000000004],[-53.176977,-18.729502000000004],[-53.177025,-18.729974000000002],[-53.177015,-18.730137000000003],[-53.176966,-18.730253999999995],[-53.176859,-18.730396],[-53.176795,-18.730452],[-53.17670900000001,-18.730488],[-53.176531999999995,-18.730518],[-53.176328,-18.730579],[-53.175212,-18.730985],[-53.175105,-18.731011],[-53.174568,-18.731031000000005],[-53.174263,-18.731005999999997],[-53.173828,-18.730853]]]]}"
1,103.15,,,,,,738.6680105859218,730.525634765625,738.7111575786882,746.49951171875,5.899177143948222,F1,0.8443174321948341,0.782754154296188,0.8532781443833624,0.9121540495309876,0.09691835029075523,3,,,,,,0.6468554423399708,0.5498143567016384,0.649330788276244,0.7337907330268825,0.07871876894301358,-0.5224120082597485,-0.5678801026458511,-0.5255056859837491,-0.4712317566886844,0.07428888134056007,0.8697118630257751,0.8496560900645312,0.880716220627386,0.8963348917858298,0.06394990654863868,0.8943906496081814,0.8651879161935536,0.9004520710715997,0.9277158625239635,0.059943076108996816,0.49212777042700323,0.4521500196125999,0.4970248005850972,0.5262610868021942,0.03611405703415813,0.3719786413484329,0.3389005976057014,0.38001518810058454,0.4129474633984041,0.05366283705453647,0.851988806612521,0.8073075019986988,0.8571135441462199,0.9045546602604393,0.07185894765394346,-0.7617840088458597,-0.8290677427117569,-0.7645995638988636,-0.6825191358654651,0.06355318689097678,SAN JORGE,44.61003875732422,44.61003875732422,44.61003875732422,44.61003875732422,0.0,425.68057107238565,425.68057107238565,425.68057107238565,425.68057107238565,0.0,,,,,,-0.5145002508356841,-0.5369932085373603,-0.5211182791779373,-0.506062021576605,0.10630931975798061,51,0.0,0.0,0.0,0.0,0.0,0.0,0.0,0.0,0.0,0.0,-0.06783680622385904,-0.6770710635813062,-0.022847076137196172,0.5382126386411697,0.5108598890806841,"{""type"":""Polygon"",""coordinates"":[[[-53.178129999999996,-18.708691999999996],[-53.185641,-18.708692],[-53.184616000000005,-18.710485],[-53.183811000000006,-18.711948],[-53.183752,-18.712004],[-53.183715,-18.712004000000004],[-53.183339,-18.711796],[-53.18183199999999,-18.710887],[-53.178129999999996,-18.708691999999996]]]}"
2,146.87,,,,,,762.4839712894521,750.1546566307742,761.9084323790015,776.8366379051158,10.261362721327462,C3,0.37510265848777413,0.20897442703843244,0.4120418711613218,0.4706300090523577,0.10718568117748915,3,,,,,,0.347200891007256,0.24508264256538934,0.3563657822180697,0.4209487995163339,0.07196084737259716,-0.6634146783496244,-0.7518017792196476,-0.7167838377302866,-0.47483037673463135,0.12219765007128155,0.6664088736685124,0.5254863036406168,0.6855751195877422,0.7911124077282549,0.10704997205228721,0.8672208578868709,0.7400270853852532,0.9044342375634745,0.9277319228741825,0.08619470938918923,0.6824861725765781,0.5840735244034865,0.6894229598858309,0.7792159758126158,0.08458718950584738,0.20380617953724622,0.17091424735011487,0.18846366553859709,0.2627125048195759,0.043999766318932744,0.5145186710617675,0.34566355834999385,0.5448577834336151,0.619019558192222,0.10749400003389378,-0.5361210283934937,-0.5928502196748987,-0.5420524366743803,-0.4697214815449705,0.04925668854828848,SAN JORGE,44.61003875732422,44.61003875732422,44.61003875732422,44.61003875732422,1.4751853102323006E-5,425.68057107238565,425.68057107238565,425.68057107238565,425.68057107238565,2.2952068470219065E-4,,,,,,-0.4057446199879644,-0.44313672221084127,-0.4160586051206271,-0.34962757679273015,0.07170146216801296,23,0.0,0.0,0.0,0.0,0.0,0.0,0.0,0.0,0.0,0.0,-0.012366930523216985,-0.617825675214039,-0.008023811123441704,0.6023805037788723,0.4847233357291279,"{""type"":""Polygon"",""coordinates"":[[[-53.173828,-18.710612000000005],[-53.174896,-18.708691999999996],[-53.178077,-18.708691999999996],[-53.18361300000001,-18.711989],[-53.183661,-18.712024999999997],[-53.183693,-18.712076],[-53.18368799999999,-18.712131],[-53.18365,-18.712203],[-53.18352200000001,-18.712401],[-53.18321,-18.712949],[-53.18291,-18.713544],[-53.182738,-18.713803],[-53.18119900000001,-18.716572000000003],[-53.180861,-18.717156],[-53.180732,-18.717329],[-53.180587,-18.717634],[-53.179954,-18.718731],[-53.179632,-18.719361000000003],[-53.179444999999994,-18.719620000000003],[-53.179396,-18.719778000000005],[-53.17849,-18.721388],[-53.17840400000001,-18.721516],[-53.178334,-18.721582],[-53.178297,-18.721693],[-53.178205,-18.721876],[-53.177744,-18.722694],[-53.17716999999999,-18.723771],[-53.17713800000001,-18.72379700000001],[-53.177079,-18.723802],[-53.176762,-18.723644],[-53.173828,-18.721886],[-53.173828,-18.710612000000005]]]}"
3,135.76,,,,,,762.4005733170375,759.5814208984375,762.2703857421875,766.1646728515625,2.6840117083605035,A4,0.3627351352300901,0.2586853073630252,0.36821461037571157,0.47118249264744466,0.09530667138474579,3,,,,,,0.2851548011151886,0.2553831975783975,0.28451909124851227,0.329484224319458,0.04253777569314001,-0.7348263533857111,-0.7726719181749192,-0.761038886588156,-0.6444974690675735,0.08751769686742303,0.5300867486187645,0.46106293797492987,0.5318924729193684,0.6204507946968079,0.07321844184090974,0.8825151706190758,0.7760294079780579,0.9150992618881437,0.9250062789141968,0.09785584848839164,0.709549811502115,0.5102147721320063,0.7569753258906712,0.7901208044515554,0.14691029479688744,0.14768881723336483,0.13069332648660534,0.15004335343837738,0.1577204465866089,0.012161075667087988,0.5084520078081587,0.41659941096005476,0.5165144205093384,0.6077392101287842,0.0970717006337788,-0.4937457826334817,-0.5252323746681213,-0.49485841393470764,-0.47105297446250916,0.0343354976834056,SAN JORGE,44.61003875732422,44.61003875732422,44.61003875732422,44.61003875732422,0.0,425.68057107238565,425.68057107238565,425.68057107238565,425.68057107238565,1.7232046587319333E-5,,,,,,-0.3868175037331468,-0.4392914871374766,-0.4082838939890037,-0.3487735986709595,0.14687117280880535,4,0.0,0.0,0.0,0.0,0.0,0.0,0.0,0.0,0.0,0.0,0.0040564993545216385,-0.572418212890625,1.8310546875E-4,0.584228515625,0.44398713084189684,"{""type"":""Polygon"",""coordinates"":[[[-53.174837,-18.708692],[-53.173828,-18.710506],[-53.173828,-18.708692],[-53.174837,-18.708692]]]}"
4,76.82,,,,,,756.9281103550484,750.6640265172394,756.6840209960938,763.4644419846026,5.167893932170794,D1,0.7379856458688996,0.51412734229366,0.7911369819269711,0.8337217698563774,0.1560560705843193,3,,,,,,0.5941909857574349,0.468035415350798,0.6122521081486264,0.6785189559062322,0.09090794629081476,-0.44534284120623024,-0.5296251245083348,-0.44730437248288357,-0.36922816111355816,0.08451215285371103,0.8963889360787035,0.7986388627643031,0.9279303278469376,0.9312741998894659,0.09852239792959851,0.8975777377091124,0.7797211436254363,0.9357061077050227,0.9390194938109474,0.11327681854927099,0.17234101259602908,0.1509048381330829,0.1657969204122105,0.196993698112414,0.06221910566979974,0.4522348965028815,0.3114746778450608,0.467653567369307,0.5459996673368639,0.09422715523946076,0.8173890439282289,0.6579114854481517,0.8577029851365624,0.8805721210141698,0.12566467670747852,-0.7443329485078973,-0.7881705363591512,-0.7607733046273869,-0.6512751703055536,0.06811522337777745,SAN JORGE,44.61003875732422,44.61003875732422,44.61003875732422,44.61003875732422,0.0,425.68057107238565,425.68057107238565,425.68057107238565,425.68057107238565,0.0,,,,,,-0.503326969776851,-0.5273629276669857,-0.5206463206433302,-0.45652238997015643,0.12622086133505359,41,0.0,0.0,0.0,0.0,0.0,0.0,0.0,0.0,0.0,0.0,-0.32474824420249265,-1.524097454213951,-0.21932058634026436,0.6568306861388513,1.39226611027934,"{""type"":""Polygon"",""coordinates"":[[[-53.176939,-18.729375],[-53.176977,-18.729502000000004],[-53.173828,-18.729502000000004],[-53.173828,-18.721932],[-53.1768,-18.72372],[-53.177068,-18.723858],[-53.1771,-18.723898],[-53.177133,-18.724009999999996],[-53.1771,-18.724112000000005],[-53.176939,-18.724457],[-53.176838,-18.724721],[-53.175518,-18.728354000000003],[-53.175470000000004,-18.728532000000005],[-53.17548600000001,-18.728632999999995],[-53.175588,-18.728831000000003],[-53.175647,-18.728903],[-53.175754000000005,-18.728979],[-53.17585600000001,-18.729024],[-53.17606,-18.72908],[-53.176677,-18.729222999999998],[-53.176854,-18.729294],[-53.176939,-18.729375]]]}"
5,103.15,,,,,,728.976850401715,718.8978302903188,727.8773589201849,741.392879486084,8.442073262755189,F1,0.624315780166562,0.4198756435186942,0.6228777244737462,0.8379357155721713,0.1617519641882396,3,,,,,,0.481316832070898,0.30274736427188054,0.46305572836514897,0.6855710526055927,0.1363962739212704,-0.5985889837629006,-0.697374979493705,-0.5917728737563523,-0.5174341052024226,0.09219569843502211,0.6202245779867935,0.48249089627417363,0.5839173153489842,0.8533917187234997,0.13083086164719948,0.8966276407503662,0.8378720469473048,0.9199992945898388,0.9354335262567562,0.0758941434559728,0.6124773365167957,0.48622173799779805,0.6190709956433819,0.732224191309624,0.09839008092183972,0.29803865698746623,0.216911642672211,0.3145112070375375,0.36924787061603015,0.05999271790443023,0.6769546821455926,0.5412807700142376,0.6506202460504046,0.8573609310753492,0.12541923150432935,-0.6195814871503345,-0.7822887204233224,-0.5870693330916007,-0.5147456378086408,0.10222895284953791,SAN JORGE,44.69235520814273,44.61003875732422,44.61003875732422,44.61003875732422,0.6161513838820826,425.76357297542995,425.68057107238565,425.68057107238565,425.68057107238565,0.6212821769348753,,,,,,-0.45926762634583274,-0.5195642235157676,-0.456989342506672,-0.4184431273745071,0.08934882271943424,51,0.0,0.0,0.0,0.0,0.0,0.0,0.0,0.0,0.0,0.0,-0.04285364313864532,-0.4924368458518072,-0.038762149188141505,0.4139291863692434,0.3704894929611437,"{""type"":""Polygon"",""coordinates"":[[[-53.17894,-18.698763],[-53.179026,-18.698768],[-53.179241000000005,-18.698930999999998],[-53.180142000000004,-18.699505],[-53.18144600000001,-18.700369],[-53.18327,-18.701517000000003],[-53.18534600000001,-18.702879000000003],[-53.186375,-18.703524],[-53.187352,-18.704168999999997],[-53.18769,-18.704357],[-53.18776,-18.704423999999996],[-53.187808,-18.704566000000003],[-53.187792,-18.704673000000003],[-53.187561,-18.705231],[-53.18732,-18.705648],[-53.187148,-18.70598899999999],[-53.18693300000001,-18.706334],[-53.186708,-18.706781],[-53.18646100000001,-18.707182999999997],[-53.185641,-18.708692],[-53.178129999999996,-18.708691999999996],[-53.175738,-18.707273999999998],[-53.17572700000001,-18.707127],[-53.175695,-18.707056],[-53.17570599999999,-18.706989],[-53.178886999999996,-18.698849],[-53.17891899999999,-18.698778],[-53.17894,-18.698763]]]}"
6,146.87,,,,,,751.7538060392449,749.1599731445312,751.2626342773438,755.4298706054688,2.325391217191675,C3,0.41150656072370967,0.21229623654108656,0.4041147736829474,0.6229359098256464,0.15118076476399667,3,,,,,,0.34190118277604375,0.23665574093848582,0.3379387433238153,0.46682140168672553,0.09605166335883636,-0.6840848850033001,-0.7372400981420277,-0.7081669867038727,-0.5672867218394556,0.0796369015216018,0.5349043128663592,0.4948322151768481,0.5326427647045681,0.5845189690589905,0.06453189840453522,0.8784105190264143,0.7591704032991242,0.916834869368389,0.9233576208811033,0.0836352847806385,0.5745319095328408,0.47491568707303095,0.58676121272811,0.6405281595257344,0.07511450743317058,0.19432563402311426,0.17630770057439804,0.19286653079773083,0.21816494449591026,0.026565150115375403,0.5289330192791049,0.33749067038297653,0.5254559028757055,0.7282195289929708,0.1407786779586224,-0.5382973949994747,-0.6102000673611959,-0.5302828930402975,-0.4718943891033929,0.06513676530486426,SAN JORGE,44.61003875732422,44.61003875732422,44.61003875732422,44.61003875732422,0.0,425.68057107238565,425.68057107238565,425.68057107238565,425.68057107238565,2.09967320603571E-5,,,,,,-0.39973758187553066,-0.4790939303005443,-0.408225215769479,-0.3452940125814435,0.10064491321062229,23,0.0,0.0,0.0,0.0,0.0,0.0,0.0,0.0,0.0,0.0,-0.00717495707342825,-0.6015303865186432,0.008166907971744337,0.569580078125,0.42620189176582485,"{""type"":""Polygon"",""coordinates"":[[[-53.17566800000001,-18.707329999999995],[-53.175743,-18.707325000000004],[-53.175936,-18.707426000000005],[-53.178077,-18.708691999999996],[-53.174896,-18.708691999999996],[-53.175513,-18.707552999999997],[-53.17562,-18.707371],[-53.17566800000001,-18.707329999999995]]]}"
7,89.58,,,,,,725.1934833450272,713.6352627799183,722.9321674547697,740.9218068343033,10.2447506773021,E3,0.45111859301394014,0.2986147533395856,0.41608028973666306,0.6498724044730961,0.13492681142086688,3,,,,,,0.3459611307097868,0.28598586618801886,0.3271774562921747,0.4366237441440681,0.06125041681559971,-0.6648208554160422,-0.748093703419093,-0.6779109443824285,-0.5838995194702192,0.0934005401248996,0.5505850149144683,0.4316051673710848,0.5411755606177774,0.6938412846075243,0.10074184425685548,0.9107050916506678,0.8965482624372921,0.9240228495345009,0.9314099293703516,0.06773121497402047,0.6262640468719123,0.5213790197573726,0.6388292430059654,0.7246708276717257,0.09082796516234763,0.24588423623462619,0.17768730650142842,0.23256155540356058,0.32225572430025834,0.05910323513217767,0.5401692753778542,0.4509520160566703,0.5448809130298781,0.6188334128325202,0.07109891839983114,-0.519577083518656,-0.5496198068737146,-0.5166343661881898,-0.4872324811407305,0.030654007173661808,SAN JORGE,46.29641757545336,44.61003875732422,44.61003875732422,48.86197280883789,2.0813169716847453,427.3809924328507,425.68057107238565,425.68057107238565,429.96791114500957,2.09864818705958,,,,,,-0.41394444491202764,-0.4432865265069873,-0.4199391982090638,-0.3807014030277215,0.07648040549080137,33,0.0,0.0,0.0,0.0,0.0,0.0,0.0,0.0,0.0,0.0,-0.06731660256672388,-0.5551069183222535,-0.07086290405695828,0.42889805400039155,0.40408608999444756,"{""type"":""Polygon"",""coordinates"":[[[-53.175121,-18.706816999999997],[-53.173828,-18.706004],[-53.173828,-18.695435],[-53.17548,-18.696487000000005],[-53.175786,-18.6967],[-53.177497,-18.697813],[-53.178812,-18.698641],[-53.178892000000005,-18.698722],[-53.178881,-18.698814000000002],[-53.177143,-18.703199],[-53.176897000000004,-18.703865],[-53.175711,-18.706888],[-53.175641000000006,-18.707],[-53.175549999999994,-18.707070999999996],[-53.175507,-18.707081],[-53.175121,-18.706816999999997]]]}"
8,135.76,,,,,,753.4404001472811,749.4985351562501,753.3181762695312,757.5595092773438,3.154712962211528,A4,0.2113668407864024,0.1633970132211574,0.18867156244014693,0.283649530243404,0.06656290395127613,3,,,,,,0.23302721628010903,0.20404616991678873,0.22765427827835083,0.26472010748236585,0.0335658794311157,-0.7424403653251873,-0.7724506143282919,-0.7588940335538614,-0.6789755854810309,0.0747122271534529,0.40301844933989767,0.3464373250802358,0.3798220955283089,0.49534780979156495,0.06601758192653742,0.9047905111619251,0.8786882758140564,0.9189312241215042,0.9248851976356331,0.07162693942518375,0.7335191076449088,0.6553931963327134,0.7561984761241931,0.79462435706998,0.11326840555798474,0.16235014583673776,0.1487913108375815,0.15867631526097006,0.17154857888817787,0.02253877130691138,0.36616669458076545,0.3096163300818655,0.3465217053890228,0.44149861733118695,0.06617987678469239,-0.4645957130507539,-0.4871256899043739,-0.4672663039014936,-0.4342137034129533,0.02580775028308506,SAN JORGE,44.61003875732422,44.61003875732422,44.61003875732422,44.61003875732422,0.0,425.68057107238565,425.68057107238565,425.68057107238565,425.68057107238565,1.850825301706307E-5,,,,,,-0.3495807021770327,-0.38448433754087463,-0.34938953146338464,-0.3383460362166399,0.10120500958045577,4,0.0,0.0,0.0,0.0,0.0,0.0,0.0,0.0,0.0,0.0,0.014361060104848049,-0.5686939529090029,0.020578792098748133,0.6058586639108009,0.44911947193791535,"{""type"":""Polygon"",""coordinates"":[[[-53.175486,-18.707508],[-53.174837,-18.708692],[-53.173828,-18.708692],[-53.173828,-18.706044],[-53.17529300000001,-18.706968999999997],[-53.175437,-18.707101],[-53.175496,-18.707203],[-53.175523,-18.70736],[-53.175486,-18.707508]]]}"
9,168.27,,,,,,733.372497429766,723.4016571044922,733.1718546549479,744.044921875,7.597335139194086,B3,0.5355294190622981,0.35341110041215795,0.5682906913824121,0.6423919356915508,0.13074801004413913,3,,,,,,0.3732777134571595,0.282456016179223,0.37008164417433714,0.48516483306884767,0.07602286962530967,-0.637145452904168,-0.7127615841552969,-0.6816393944004077,-0.4588847597049748,0.123769583583132,0.8442846140377714,0.7725220465324295,0.864245507634051,0.8816241897069491,0.058384478963111275,0.890465182398645,0.7329918748427738,0.9317099784162944,0.9389218334993259,0.10940712860080788,0.1780583387073076,0.14946879889672016,0.17866239035442802,0.20409248362634297,0.031347744648097337,0.2533197294944764,0.20593445805278618,0.23925208253635316,0.2742842803068257,0.0687302482641169,0.6702685768779542,0.47492469540019067,0.7168089209586025,0.779444362974358,0.1313675206593258,-0.5891818837438431,-0.6609947431469023,-0.5986493064198378,-0.5126940991005678,0.06637510580069293,SAN JORGE,33.11086654663086,33.11086654663086,33.11086654663086,33.11086654663086,1.1970485456285889E-5,420.06426875741454,420.06426875741454,420.06426875741454,420.06426875741454,1.9200126064935263E-4,,,,,,-0.4530670637507019,-0.49403411930495555,-0.47076141758247114,-0.38904671743911606,0.08820109839924067,13,0.0,0.0,0.0,0.0,0.0,0.0,0.0,0.0,0.0,0.0,-0.02707518268303544,-0.5245824839708375,-0.00841022553259928,0.4454106247611108,0.3856162925107547,"{""type"":""Polygon"",""coordinates"":[[[-53.15470400000001,-18.754389000000003],[-53.153862000000004,-18.750310000000002],[-53.16270200000001,-18.750310000000002],[-53.163335,-18.753576],[-53.163711,-18.7554],[-53.16371600000001,-18.755542],[-53.163668,-18.755603],[-53.163593,-18.755628],[-53.163275999999996,-18.755613],[-53.1623,-18.755628],[-53.155096,-18.755516000000004],[-53.155026,-18.755505999999997],[-53.154967,-18.755471],[-53.154924,-18.755389],[-53.15470400000001,-18.754389000000003]]]}"
10,100.86,,,,,,735.5285304474045,726.0650894453735,735.8016122671274,744.6553257533482,6.9744045032079125,E4,0.6021865258913814,0.4941312466308762,0.6073593459648807,0.7091665310631949,0.08816772547660004,3,,,,,,0.48236384222435275,0.36163786026538325,0.5057857306192993,0.5644010853207738,0.08227804672849233,-0.5169516643138455,-0.6231046562123498,-0.545103924622522,-0.40406515300273893,0.13302594072801233,0.8477564278523084,0.7442530870783826,0.8809558225476923,0.8923683212974979,0.08383428534071445,0.8829483990258435,0.7991356821809289,0.9042694257064299,0.9355074764989835,0.0710083962838237,0.2260826833399408,0.1777933050166002,0.20503562933950892,0.310575648777893,0.07074167126282893,0.36599673471199823,0.2755808323916031,0.3418776031780837,0.47806290670186397,0.1009709875281205,0.7445155421254716,0.6542655035562887,0.7558784517707353,0.8182013963015025,0.07062101811138823,-0.6620012491118926,-0.7197564667965992,-0.6728524782237544,-0.5888604245950986,0.05306938410115188,SAN JORGE,33.11086654663086,33.11086654663086,33.11086654663086,33.11086654663086,1.1891489848055265E-5,420.06426875741454,420.06426875741454,420.06426875741454,420.06426875741454,1.9927095008314688E-4,,,,,,-0.4788646721707761,-0.505643036373785,-0.48626883025655354,-0.4513937886623478,0.0718081508458276,34,0.0,0.0,0.0,0.0,0.0,0.0,0.0,0.0,0.0,0.0,-0.03678537524676739,-0.6173654835342351,-0.03885269931755999,0.5386261207041994,0.45647579646534603,"{""type"":""Polygon"",""coordinates"":[[[-53.163072,-18.752067000000004],[-53.162718000000005,-18.750310000000002],[-53.171752,-18.750310000000002],[-53.17170900000001,-18.751675999999996],[-53.17171499999999,-18.752225],[-53.171677,-18.753068],[-53.171623000000004,-18.75542],[-53.17165,-18.755709],[-53.17160200000001,-18.755755],[-53.171532,-18.755760000000002],[-53.171473,-18.75574],[-53.170159,-18.755740000000003],[-53.16819000000001,-18.755715],[-53.16765900000001,-18.755694],[-53.164843,-18.755654],[-53.16446700000001,-18.755632999999996],[-53.163786,-18.755643],[-53.163266,-18.753165000000003],[-53.163148,-18.752554999999997],[-53.163072,-18.752067000000004]]]}"
11,76.82,,,,,,756.5266698862927,746.5725708007812,755.5713500976562,768.0845166489347,8.182918081210609,D1,0.7284243640658467,0.4870559619464602,0.7480462266417838,0.9157748390705264,0.18187879846195007,3,,,,,,0.5887682354287308,0.43938797383201045,0.5952754672510631,0.7480548286437988,0.12413554353972296,-0.409724924196321,-0.47452229499816895,-0.4121580226231992,-0.3498376752963382,0.0873192788066798,0.8558138078328854,0.7209687054075941,0.8849610429149926,0.927715776320558,0.12124531920946664,0.8785963539617057,0.7286676494351456,0.9240504574665825,0.9354099924180427,0.12843905881185774,0.20839900881236392,0.15424878266840522,0.20112786340255864,0.25588116870673283,0.0755531902973471,0.46887142976538526,0.3407117071716736,0.49113527195311585,0.5420577231379681,0.08830232475012369,0.804872217134876,0.6150635604588491,0.8338932615436919,0.9239476664798044,0.14170989083992072,-0.7358721934976392,-0.8349149840091293,-0.7372138227735247,-0.6319970053472782,0.08577160453319163,SAN JORGE,44.61003875732422,44.61003875732422,44.61003875732422,44.61003875732422,0.0,425.68057107238565,425.68057107238565,425.68057107238565,425.68057107238565,0.0,,,,,,-0.49511430157348796,-0.5442049164618207,-0.5119889382267886,-0.42602275308883936,0.13872247434407806,41,0.0,0.0,0.0,0.0,0.0,0.0,0.0,0.0,0.0,0.0,-0.2535335544519879,-1.3439577466250905,-0.2795886419602868,0.6514534432513862,1.1663274543997961,"{""type"":""Polygon"",""coordinates"":[[[-53.17116699999999,-18.729502000000004],[-53.173828,-18.729502000000004],[-53.173828,-18.730853],[-53.173656,-18.730792],[-53.17315800000001,-18.73067],[-53.173055999999995,-18.730675999999995],[-53.172954,-18.730725999999997],[-53.172916,-18.730813],[-53.17304000000001,-18.731214000000005],[-53.17308800000001,-18.731504],[-53.173431,-18.734506],[-53.173673,-18.736802],[-53.173828,-18.738127999999996],[-53.173828,-18.738931],[-53.172605,-18.739158999999997],[-53.172417,-18.739226],[-53.172353,-18.7392],[-53.172326,-18.739139],[-53.172363999999995,-18.738855],[-53.17235800000001,-18.738687000000002],[-53.171462,-18.731798],[-53.171339,-18.73094],[-53.17116699999999,-18.729502000000004]]]}"
12,199.45,,,,,,768.4939090537647,759.2089691162109,769.1616077423096,776.8312217310855,6.590216021083283,C2,0.2571050888926613,0.15821981738708768,0.20504204449000268,0.4666092255039792,0.11715343526637682,3,,,,,,0.2944868150244283,0.20906225377182444,0.23612226034916317,0.536831926749811,0.11843256444789367,-0.5587614265817037,-0.6699995915998113,-0.5644198233268286,-0.4432392830855048,0.09157223343629217,0.2217115428226268,0.19350122364761788,0.20903477707063156,0.2634286388648548,0.04135296967178807,0.9109592312276291,0.8498697948625524,0.9276240356978976,0.9469247955660969,0.0581172158878941,0.7929366484725064,0.57995000466058,0.8496805172897016,0.896413640062938,0.13325097519083007,0.3521978046459256,0.2372841492697439,0.35251202463276665,0.4638004313088802,0.08465963456205264,0.39892949043870446,0.2715572086102439,0.3340240462668917,0.7166866349512846,0.15714061529356424,-0.4851955937122808,-0.6592412101649822,-0.4482429579786701,-0.4189533293203106,0.08504032078283841,SAN JORGE,44.61003875732422,44.61003875732422,44.61003875732422,44.61003875732422,0.0,425.68057107238565,425.68057107238565,425.68057107238565,425.68057107238565,0.0,,,,,,-0.36777332823783176,-0.4747479297080392,-0.3455813105210591,-0.32630291378670234,0.061401472252850677,22,0.0,0.0,0.0,0.0,0.0,0.0,0.0,0.0,0.0,0.0,0.040035692182617176,-0.3677538081905425,0.054919637534612036,0.429708297084265,0.311254718180132,"{""type"":""Polygon"",""coordinates"":[[[-53.15858800000001,-18.729502000000004],[-53.171124,-18.729502],[-53.172321000000004,-18.738636000000003],[-53.17232599999999,-18.738895000000003],[-53.17227799999999,-18.739012],[-53.172149,-18.739098],[-53.171843,-18.739119],[-53.16974600000001,-18.739119000000002],[-53.161120000000004,-18.739246],[-53.160675000000005,-18.739241],[-53.160582999999995,-18.73922],[-53.16053000000001,-18.739154000000003],[-53.160358,-18.738423],[-53.15858800000001,-18.729502000000004]]]}"
13,89.42,,,,,,757.3671519884256,744.3534082964878,757.8528599892893,769.1476614815848,9.652209655266043,D2,0.7342595711046851,0.4940629798908615,0.7638472640528613,0.9081698190967951,0.16654860905888158,3,,,,,,0.5683737779299147,0.39651403063944984,0.5795579245433999,0.6972849057099529,0.12027980102732529,-0.5068329391908044,-0.6443860322575677,-0.5429573595046963,-0.3478625453125571,0.12825269451210938,0.8481421996545848,0.7321536273506282,0.8808943478797286,0.8963295621871948,0.09055252592078028,0.8797166073737549,0.7321699185596479,0.9238798947838264,0.9351678349393199,0.1095734459339497,0.22911414436381927,0.1660014740626187,0.20507110856950014,0.3259909236948172,0.08157447866646618,0.3728836681829508,0.25194535336332013,0.3573675729403986,0.5645901840341307,0.11127305399148679,0.7985813430266848,0.626782826029062,0.8379180635995782,0.8885577579025223,0.12030002315366889,-0.709737742894788,-0.7840562312833724,-0.7236346304416656,-0.6084311618716638,0.07283624364317022,SAN JORGE,44.61003875732422,44.61003875732422,44.61003875732422,44.61003875732422,1.5053676775510541E-5,425.68057107238565,425.68057107238565,425.68057107238565,425.68057107238565,3.1958919078689226E-4,,,,,,-0.4983589734305169,-0.5333236907571877,-0.5118315025251738,-0.4415295126163973,0.08173096279246231,42,0.0,0.0,0.0,0.0,0.0,0.0,0.0,0.0,0.0,0.0,-0.0024096275901335424,-1.4700311345217554,0.032086972489636975,1.0312591965168698,1.3012342455042176,"{""type"":""MultiPolygon"",""coordinates"":[[[[-53.172251,-18.739124000000004],[-53.17230500000001,-18.739154000000003],[-53.172337,-18.739225999999995],[-53.172508,-18.740459999999995],[-53.172718,-18.742157],[-53.172798,-18.742594],[-53.172771,-18.742858000000002],[-53.17275500000001,-18.742908],[-53.17266899999999,-18.743015],[-53.17238,-18.7433],[-53.171967,-18.743594],[-53.170556,-18.744438],[-53.169858,-18.744808],[-53.167933000000005,-18.745702],[-53.167879,-18.745733],[-53.167825,-18.745794],[-53.167326,-18.745794],[-53.167166,-18.745768],[-53.16707999999999,-18.745774],[-53.167031,-18.745814000000003],[-53.167005,-18.74589],[-53.166940000000004,-18.745915999999998],[-53.16658600000001,-18.745864999999995],[-53.16210699999999,-18.745835000000003],[-53.16195100000001,-18.745799],[-53.161844,-18.745713000000002],[-53.161796,-18.745641000000003],[-53.161747,-18.745499],[-53.161265,-18.743091],[-53.160524,-18.739276000000004],[-53.16728400000001,-18.739175],[-53.172251,-18.739124000000004]]],[[[-53.172830000000005,-18.74271],[-53.17287900000001,-18.742878],[-53.172948,-18.743512999999997],[-53.173249,-18.745682],[-53.17323799999999,-18.745738],[-53.1732,-18.745774],[-53.17314699999999,-18.745784],[-53.17246,-18.745748],[-53.172122,-18.745779],[-53.171865,-18.745774],[-53.17165,-18.745742999999997],[-53.170545,-18.745748],[-53.170293,-18.745722999999998],[-53.169392,-18.745768],[-53.169161,-18.745753000000004],[-53.16868399999999,-18.745758],[-53.168319,-18.745733],[-53.16789,-18.745789],[-53.167906,-18.745758],[-53.168051,-18.745681999999995],[-53.168866,-18.745321],[-53.169875,-18.744848999999995],[-53.170427,-18.744559],[-53.171993,-18.743645],[-53.172251,-18.743477000000002],[-53.172487,-18.743279],[-53.172686,-18.743086],[-53.17281400000001,-18.742924],[-53.172830000000005,-18.742873],[-53.172830000000005,-18.74271]]]]}"
14,175.12,,,,,,745.7900537179336,734.7930591542231,745.8623342994351,756.3664295723336,8.184701755195013,B2,0.3600341420038072,0.2324735421390814,0.3419159292751779,0.5607094170675532,0.11631395112607532,3,,,,,,0.352299472948052,0.2450375403587754,0.33676707873050626,0.5356440865076505,0.09952052693319222,-0.3018368874285982,-0.43565878656616325,-0.3185143771918108,-0.09951657385323068,0.11802842127703374,0.17063449238967363,0.14943033266287375,0.17089118705182438,0.18850390902255051,0.01813960519888543,0.7947758216946575,0.6895507338661238,0.806623400636684,0.8849142899114356,0.08090509949165267,0.8400462517581814,0.6502212217352368,0.8887496197651849,0.904229309513881,0.11860541952411394,0.4929389342660589,0.361218277024025,0.43154790042815044,0.7717319684369224,0.14196953948318056,0.5456550825591986,0.3732279349104851,0.544914340345483,0.7989598917655456,0.14556786756569645,-0.5698072169215713,-0.7080347550158598,-0.559440306389497,-0.48925031162798405,0.07449401713795364,SAN JORGE,44.61003875732422,44.61003875732422,44.61003875732422,44.61003875732422,1.6969667532621697E-5,425.68057107238565,425.68057107238565,425.68057107238565,425.68057107238565,3.031104521005676E-4,,,,,,-0.41655270397721794,-0.5021132048947254,-0.4200309259949321,-0.36139931714248963,0.0645205631080007,12,0.0,0.0,0.0,0.0,0.0,0.0,0.0,0.0,0.0,0.0,-0.006962980792179117,-0.41398073215232223,-0.008020549443378492,0.39864742274079207,0.30723353078263355,"{""type"":""Polygon"",""coordinates"":[[[-53.152928,-18.739358],[-53.151855,-18.739358000000003],[-53.15185499999999,-18.729502000000004],[-53.15855,-18.729502000000004],[-53.159386999999995,-18.733769],[-53.160353,-18.738601],[-53.160465,-18.739104],[-53.160470999999994,-18.739144],[-53.16045499999999,-18.739195],[-53.160406,-18.739231],[-53.160304,-18.739251],[-53.156276,-18.739297],[-53.152928,-18.739358]]]}"
15,168.27,,,,,,735.2882769591035,723.6552867726197,734.6748326034124,746.1038683067341,9.653170266038789,B3,0.4841625196627285,0.32226416557819043,0.5135262322791028,0.6464737404931931,0.1378090368727144,3,,,,,,0.34905468219354935,0.2608351435001023,0.34279010632816276,0.454071282849315,0.0748980123648689,-0.7001473308825112,-0.7478732006086962,-0.7168511444288684,-0.6585091177537732,0.0935941294688302,0.8658600601341546,0.7911356569596262,0.900509061745329,0.9157134332163359,0.10860059545658357,0.9114034848116626,0.8852112889289856,0.931741905827889,0.9390171841940663,0.0793510868709672,0.16208490339785867,0.11526013077069987,0.16611353298920364,0.19315613670159923,0.051713775371351155,0.21125615392915112,0.18184922422001235,0.2050631653329738,0.25590567393742414,0.04100484494652348,0.6201761002161366,0.4433825122550864,0.6739614193058547,0.7751017523986776,0.13905602384962645,-0.5735191002086137,-0.6572152734817136,-0.5751420556854043,-0.48928767884287844,0.0632029784324817,SAN JORGE,44.28240335728678,44.61003875732422,44.61003875732422,44.61003875732422,2.033321449126657,425.5205509055367,425.68057107238565,425.68057107238565,425.68057107238565,0.9930930635501276,,,,,,-0.44119682770775837,-0.49408298888155694,-0.4629075529944264,-0.38477676884625484,0.06968141355857244,13,0.0,0.0,0.0,0.0,0.0,0.0,0.0,0.0,0.0,0.0,-0.018799360259435946,-0.5299512762350627,-0.031066753813960107,0.40513178515200754,0.7428012737091798,"{""type"":""Polygon"",""coordinates"":[[[-53.160508,-18.739286],[-53.16082500000001,-18.740865999999997],[-53.161297000000005,-18.743381],[-53.16270200000001,-18.750310000000002],[-53.153862000000004,-18.750310000000002],[-53.152692,-18.744859000000005],[-53.15244,-18.743594],[-53.15185499999999,-18.740846000000005],[-53.151855,-18.739378000000002],[-53.160508,-18.739286]]]}"
16,100.86,,,,,,741.3107631095326,729.6976318359375,743.5807189941406,749.4513809972527,7.295150780160193,E4,0.6481530478951372,0.51397523058546,0.6345779529475896,0.8143848482067447,0.11586432397527445,3,,,,,,0.477743309560627,0.3610477354716303,0.4629768329241337,0.6308115184307098,0.09746368511446873,-0.5363891999256112,-0.6464636757704332,-0.568281423847119,-0.4200709942602033,0.135539584727687,0.8330445460598825,0.7516747572006435,0.8535564654703539,0.8847824312846584,0.07283896854370137,0.9099833460117326,0.8606753796339035,0.9319717481802439,0.9353328181687826,0.0684981248547913,0.18224979844485478,0.12688397449851718,0.18152692213355262,0.22046557350841461,0.053625990330766926,0.373594146086121,0.279315792145769,0.3456221783293793,0.486229652708227,0.10496934338683665,0.7546470970154505,0.6583969988115249,0.7557096236739219,0.8613704996449607,0.08058397195182973,-0.6532740912632712,-0.7413150543967882,-0.6455055901776855,-0.5832729977263998,0.06040062059634912,SAN JORGE,43.80916975297415,44.61003875732422,44.61003875732422,44.61003875732422,3.0899133636595706,425.2894192258563,425.68057107238565,425.68057107238565,425.68057107238565,1.5091423452767603,,,,,,-0.4844483360897771,-0.5253284187399042,-0.4863488812673181,-0.45516529260983807,0.06435914133382621,34,0.0,0.0,0.0,0.0,0.0,0.0,0.0,0.0,0.0,0.0,0.036238039192522165,-0.6092051380085496,0.046108306259347163,0.6107641639494974,0.5635527307326491,"{""type"":""Polygon"",""coordinates"":[[[-53.161898,-18.745869999999996],[-53.162509,-18.74586],[-53.164564,-18.74589],[-53.166624,-18.745894999999997],[-53.167320999999994,-18.746007],[-53.16752499999999,-18.746012],[-53.167782,-18.745992000000005],[-53.168244,-18.746028],[-53.169129,-18.746048],[-53.169777999999994,-18.746098999999997],[-53.170143,-18.746160000000003],[-53.17072700000001,-18.746287],[-53.17173100000001,-18.746413999999998],[-53.17179000000001,-18.746464],[-53.171806000000004,-18.7465],[-53.171822,-18.746779],[-53.171752,-18.750310000000002],[-53.162718000000005,-18.750310000000002],[-53.161844,-18.745956],[-53.16186,-18.745895],[-53.161898,-18.745869999999996]]]}"
17,146.87,,,,,,787.9984991187924,778.9860229492189,788.4030298285414,796.44970703125,6.730027811809265,C3,0.38336180885975085,0.23264368851059716,0.42787594151968245,0.46682678117428067,0.09544498496131124,3,,,,,,0.34824539452899583,0.2786141090533313,0.36223298610228677,0.39144020630965354,0.04832814755134395,-0.7189106706961725,-0.7557107746690849,-0.7403107792016786,-0.6579641013273171,0.08799504484459317,0.7424126889782103,0.6973611835605232,0.7519249054093385,0.7871741198825131,0.07176472721213868,0.9082155012824439,0.8846886588282011,0.9241476877891558,0.9276016819204497,0.07221966164776483,0.7814602822032434,0.7441460566298486,0.7909512639284335,0.826217585106762,0.0850884207661243,0.1893048305862711,0.17013151389275194,0.1776607358859006,0.2444642627400533,0.04480155304484754,0.5353115657687507,0.388811061158497,0.5761226647498994,0.6034332386072128,0.09241398126070668,-0.5242381672615841,-0.5614569113373106,-0.5400493339927092,-0.45207590560237243,0.047023620915700816,SAN JORGE,44.61003875732422,44.61003875732422,44.61003875732422,44.61003875732422,0.0,425.68057107238565,425.68057107238565,425.68057107238565,425.68057107238565,0.0,,,,,,-0.4098161081225834,-0.4390637626326384,-0.42792332348075857,-0.3651928702622146,0.09640838937692901,23,0.0,0.0,0.0,0.0,0.0,0.0,0.0,0.0,0.0,0.0,0.12638538422994045,-0.4756853078983366,0.13376478428681438,0.6963318657567845,0.45300661444109724,"{""type"":""Polygon"",""coordinates"":[[[-53.173227,-18.711715],[-53.173828,-18.710612000000005],[-53.173828,-18.721886],[-53.172073999999995,-18.720855000000004],[-53.169569,-18.719321000000004],[-53.169156,-18.719087000000002],[-53.16973,-18.71803],[-53.17035200000001,-18.716942999999997],[-53.172916,-18.712253],[-53.173227,-18.711715]]]}"
18,135.76,,,,,,776.0280814137259,767.8888549804688,777.0587580754207,782.3212656789012,5.563902959125623,A4,0.2961764169811164,0.2449225455949888,0.29021869396107575,0.3620704384050054,0.04845811638039663,3,,,,,,0.27745997629322866,0.25499047370298394,0.2742973319174958,0.30374300354255485,0.0239245660640054,-0.761772676987789,-0.7783491516126734,-0.770512371604332,-0.7527895815217747,0.050053205829681396,0.5111321210690639,0.4395683734813916,0.5097286677006372,0.5920934833222052,0.07263929766421434,0.9154864252287155,0.9112272962321005,0.9248878912973283,0.9267239370972398,0.04887797518945977,0.796924670114892,0.7791233843452499,0.8067394544750568,0.8221678914638407,0.0620569712196256,0.15371374824092757,0.1469950191939376,0.153811292107419,0.16061204891270697,0.009885121617313614,0.4586339248743917,0.41113759625121105,0.45576131349341586,0.5146085586812761,0.04460821705179663,-0.49067504447517907,-0.5112908946882401,-0.4887443636270345,-0.4740620170374668,0.017471980039215712,SAN JORGE,44.61003875732422,44.61003875732422,44.61003875732422,44.61003875732422,0.0,425.68057107238565,425.68057107238565,425.68057107238565,425.68057107238565,0.0,,,,,,-0.3847984094037658,-0.4081387107967027,-0.3885556280791217,-0.37330747515050006,0.07110275350840321,4,0.0,0.0,0.0,0.0,0.0,0.0,0.0,0.0,0.0,0.0,0.022506735233533366,-0.5707110780658143,0.022705878283357496,0.6160824638062148,0.4455653216052855,"{""type"":""Polygon"",""coordinates"":[[[-53.165834999999994,-18.709240000000005],[-53.164875,-18.708691999999996],[-53.173828,-18.708692],[-53.173828,-18.710506],[-53.172417,-18.713050999999997],[-53.17184900000001,-18.712599],[-53.171425,-18.712294],[-53.17113,-18.712086000000003],[-53.17052400000001,-18.711694000000005],[-53.16973,-18.711268],[-53.168952000000004,-18.710876],[-53.168705,-18.710826],[-53.168566,-18.710765000000002],[-53.168035,-18.710479999999997],[-53.167176,-18.709976999999995],[-53.165834999999994,-18.709240000000005]]]}"
19,121.19,,,,,,789.2963566832531,777.9090968761366,790.1175359022712,799.0921106787875,8.061995716921736,A1,0.4523854844266426,0.3066540718572474,0.42383013230979,0.7205952523851447,0.14207725772566704,3,,,,,,0.4846753416158535,0.36825624342243013,0.4477466606015672,0.6376885730887738,0.1054167625602706,-0.5249101734600711,-0.6424525753028371,-0.556881767740839,-0.4160171443413323,0.09870003080514304,0.21648468078826671,0.18561771039595396,0.22087360821505808,0.24001395747328233,0.03564553870955069,0.9134751095187224,0.8966356112524518,0.9239421834075038,0.9275564191409112,0.04840605773688786,0.8445521610271783,0.7052778164089644,0.8888262761855679,0.9042928830353454,0.10354683091523392,0.38856493605865217,0.25577798229489185,0.34954167435093964,0.5098369742177197,0.10256028394511214,0.6440334249540118,0.4864731643452825,0.5760599259319865,0.8458514127462978,0.13821167361995323,-0.6215170648075801,-0.7588013629455351,-0.5810126247473898,-0.534233339097713,0.08891490431216485,SAN JORGE,44.61003875732422,44.61003875732422,44.61003875732422,44.61003875732422,1.1665158222216952E-5,425.68057107238565,425.68057107238565,425.68057107238565,425.68057107238565,2.883706906988537E-4,,,,,,-0.44638403844861974,-0.5198043261949464,-0.42508780217116954,-0.3954972825277472,0.09691666010166063,1,0.0,0.0,0.0,0.0,0.0,0.0,0.0,0.0,0.0,0.0,0.08700830785594267,-0.32760144725650636,0.07734023331311253,0.48365442512170137,0.3896195990546529,"{""type"":""MultiPolygon"",""coordinates"":[[[[-53.168988999999996,-18.711044],[-53.16913999999999,-18.711044],[-53.169242,-18.71107],[-53.169692,-18.711287999999996],[-53.170454,-18.711694],[-53.171355000000005,-18.712289],[-53.172128,-18.712863],[-53.172321000000004,-18.713046000000002],[-53.172342,-18.713092],[-53.172342,-18.713188],[-53.171087,-18.71548],[-53.171049,-18.715520000000005],[-53.170964000000005,-18.71551],[-53.17039,-18.715149000000004],[-53.170331,-18.715129],[-53.17028799999999,-18.71516],[-53.170046000000006,-18.71552],[-53.16995,-18.715627],[-53.169821,-18.715698],[-53.16968700000001,-18.715729],[-53.16959,-18.715688],[-53.169134,-18.715403],[-53.168448000000005,-18.715007],[-53.168335000000006,-18.714961],[-53.16829700000001,-18.714961],[-53.168195,-18.715021999999998],[-53.168136,-18.715094],[-53.16760000000001,-18.716003],[-53.167611,-18.716059],[-53.16776599999999,-18.716176],[-53.16778800000001,-18.716201],[-53.16778800000001,-18.716237],[-53.167503,-18.71677],[-53.167536,-18.716816],[-53.167933000000005,-18.717014],[-53.16795900000001,-18.71708],[-53.167863,-18.717299],[-53.167782,-18.717431000000005],[-53.16775,-18.717441],[-53.167632,-18.717425999999996],[-53.167595,-18.717446],[-53.167477,-18.717598000000002],[-53.167369,-18.717807000000004],[-53.167332,-18.717842],[-53.167203,-18.717831999999998],[-53.16711200000001,-18.717903],[-53.167064,-18.717907999999998],[-53.16522400000001,-18.716816],[-53.165208,-18.716749999999998],[-53.165213,-18.716679],[-53.168839,-18.71113],[-53.168866,-18.711105],[-53.168988999999996,-18.711044]]],[[[-53.15609299999999,-18.708691999999996],[-53.164805,-18.708692],[-53.168598,-18.710831],[-53.168743,-18.710953],[-53.16877999999999,-18.711094999999997],[-53.168437,-18.711678999999997],[-53.165701,-18.71582],[-53.165197000000006,-18.716607999999997],[-53.165122,-18.716704],[-53.165079,-18.71673],[-53.163517999999996,-18.715815],[-53.159789,-18.713579],[-53.158566,-18.712868],[-53.155589,-18.711094999999997],[-53.155213999999994,-18.710856],[-53.155165,-18.71078],[-53.155171,-18.710658],[-53.15609299999999,-18.708691999999996]]]]}"
20,76.82,,,,,,774.317067617349,764.8760325873078,773.6886197618056,785.0764423070531,7.8505370287762615,D1,0.8151674209721392,0.6505338181774418,0.8260487224551591,0.9548766683118943,0.14381113866002784,3,,,,,,0.6570976066030237,0.5797457384384188,0.6268499634837025,0.7631977350315386,0.0985518214290433,-0.43068937417763353,-0.5018210154110303,-0.41616208012232614,-0.39299600541956997,0.05576513083178491,0.9182084596709343,0.9070751733250089,0.9306823449412027,0.9344850869347212,0.0646743056973077,0.9249420985888366,0.9240057222730367,0.9392645137064999,0.9392645137064999,0.06822777173485216,0.17312567586036318,0.15062612344040902,0.16603813066285683,0.19719145194393387,0.04271137310606123,0.4942527244112029,0.4198286426947131,0.521616137998711,0.5409491066545106,0.07891675331167607,0.874014351971015,0.8261051647192589,0.8807786931674818,0.9314097552519446,0.09571265867740987,-0.7853986019910879,-0.8458022021861855,-0.7715573979843484,-0.7363902830199256,0.06519969250056876,SAN JORGE,44.61003875732422,44.61003875732422,44.61003875732422,44.61003875732422,0.0,425.68057107238565,425.68057107238565,425.68057107238565,425.68057107238565,1.4193572334877358E-4,,,,,,-0.5238157731326216,-0.5477808261088205,-0.5293286302485328,-0.5096571457335445,0.07976059021033244,41,0.0,0.0,0.0,0.0,0.0,0.0,0.0,0.0,0.0,0.0,-0.05465663480341455,-0.7203417291804153,-0.02936012344670566,0.6505247472605039,0.6267662457608979,"{""type"":""Polygon"",""coordinates"":[[[-53.169852999999996,-18.719630999999996],[-53.169858,-18.719559000000004],[-53.17279799999999,-18.721343],[-53.173828,-18.721932],[-53.173828,-18.729502000000004],[-53.17116699999999,-18.729502000000004],[-53.170449,-18.724142],[-53.16991699999999,-18.719976],[-53.169885,-18.719742],[-53.169852999999996,-18.719630999999996]]]}"
21,154.79,,,,,,788.4835551237568,777.8922264594107,789.3583343958979,797.9051809878467,7.422258642480038,C1,0.39368751462037893,0.2675167696595794,0.3222186309533913,0.6347710388187389,0.14922832404447514,3,,,,,,0.4297276163885818,0.34551458611015073,0.40029874002678467,0.556578397077936,0.08383018815882395,-0.5907834762728384,-0.6191655039169301,-0.5879075274951722,-0.5606491043478979,0.049009884170194445,0.3447898765601439,0.26376276614682287,0.3418409531883686,0.43959409948708356,0.07193516314009411,0.9285233218080822,0.9282443807070676,0.935446766845868,0.9386542865472246,0.04865462708151562,0.8378830193650016,0.7869799348849877,0.8613983574865266,0.8767936957705292,0.09089450848507347,0.3377398455352443,0.30658657107746085,0.3457693638918335,0.36913016681461275,0.043802423106098505,0.5860634130543094,0.48235586397390323,0.5527862850707541,0.7440913194887011,0.10538620485161787,-0.5996097293619476,-0.7099344686915477,-0.5713435041614635,-0.534161791336595,0.07097795891825233,SAN JORGE,44.61003875732422,44.61003875732422,44.61003875732422,44.61003875732422,0.0,425.68057107238565,425.68057107238565,425.68057107238565,425.68057107238565,0.0,,,,,,-0.42862569912535553,-0.4813026094168979,-0.4178209691806766,-0.39471141313733993,0.07685879199397679,21,0.0,0.0,0.0,0.0,0.0,0.0,0.0,0.0,0.0,0.0,0.06371052139471442,-0.29694359518934776,0.0784767000698903,0.42191512023989036,0.29243517570870486,"{""type"":""Polygon"",""coordinates"":[[[-53.155053,-18.710876],[-53.155165,-18.710902000000004],[-53.15960700000001,-18.713564],[-53.163131,-18.715641999999995],[-53.164923,-18.71673],[-53.166323,-18.717537],[-53.167053,-18.717984],[-53.167546,-18.718244],[-53.168415,-18.718762],[-53.16885499999999,-18.71898],[-53.169494,-18.719336000000002],[-53.169783,-18.719524],[-53.169858,-18.719849],[-53.170341,-18.723644],[-53.170717,-18.726403000000005],[-53.170706,-18.72656],[-53.170652,-18.726601],[-53.170604,-18.726606],[-53.17040600000001,-18.726571],[-53.157841999999995,-18.724009999999996],[-53.157515,-18.723929],[-53.15745600000001,-18.723863],[-53.156442,-18.718700999999996],[-53.155058,-18.711776],[-53.15494,-18.711246999999997],[-53.154929,-18.711090000000002],[-53.154956,-18.710968],[-53.155004,-18.710902000000004],[-53.155053,-18.710876]]]}"
22,90.49,,,,,,762.5305945523592,757.2047119140624,763.1030636730018,766.5044916837858,3.4938089767443725,A2,0.358883563050221,0.2746282208896059,0.3308539434979181,0.48319419242829537,0.09606441061280672,3,,,,,,0.42469916442552325,0.3190697489217633,0.3779545641734248,0.5888967112286847,0.11679186619587809,-0.5778338466078109,-0.6808116055821855,-0.6278185822448932,-0.4128393605351448,0.1120419416454537,0.16314586268535178,0.15267398860800405,0.1645504359914886,0.17128401312274502,0.01124108944592591,0.9000155973132099,0.8612826466560364,0.92014219651304,0.9272681533730937,0.09021615808826403,0.79426093692518,0.6970516635109548,0.8188116667630891,0.8729591717707189,0.09844537604894235,0.3221817507053993,0.23313840865381044,0.2685352701561849,0.5048692375037743,0.11177602762817752,0.574179462868684,0.4795543836302051,0.5175142262010941,0.7634052753187538,0.1414765005707727,-0.5996894489163219,-0.6985792943409511,-0.5672447148122286,-0.5436500742456679,0.06942209752889353,SAN JORGE,44.61003875732422,44.61003875732422,44.61003875732422,44.61003875732422,0.0,425.68057107238565,425.68057107238565,425.68057107238565,425.68057107238565,0.0,,,,,,-0.4158847597515228,-0.48992635435901744,-0.4079895069776014,-0.3931781442753868,0.1421001654175047,2,0.0,0.0,0.0,0.0,0.0,0.0,0.0,0.0,0.0,0.0,-0.0029375557426202514,-0.42453241922769197,-0.003141312124296555,0.4167277018229167,0.3212465812626609,"{""type"":""Polygon"",""coordinates"":[[[-53.151855,-18.708808],[-53.15185499999999,-18.708692],[-53.156034,-18.708692000000003],[-53.155423,-18.710008],[-53.15509,-18.710699],[-53.155053,-18.710744000000002],[-53.153712000000006,-18.709921],[-53.151855,-18.708808]]]}"
23,164.91,,,,,,764.8653917655739,758.050443066406,764.8062220982143,772.4635184151786,5.386063131325291,B1,0.24548488636787047,0.213780277795922,0.2431697880168085,0.28227221674411584,0.03014276845832906,3,,,,,,0.3003195231320898,0.2528930655518138,0.29982512027121017,0.34107075034172396,0.03332053220788975,-0.6721633525561054,-0.7594991795974321,-0.7165462107076659,-0.5760977522431902,0.09361685114831383,0.3529053895316778,0.3231406248023816,0.35053934462898567,0.38370259046762445,0.033983975215805505,0.9114653443829412,0.8928562898001733,0.9237111223445901,0.9392706336525515,0.06117203475877863,0.7712129352104685,0.6032468228175845,0.8144033613707099,0.8494650961700505,0.10403963665038372,0.23930199182683598,0.1650769047644876,0.19037718684338814,0.3427519816714004,0.0754957289246879,0.4181946867219134,0.3612327432704809,0.41993833540471204,0.47047150631745654,0.04692018385647583,-0.5071625359169013,-0.5376465308183491,-0.5082498190019352,-0.4692331600380111,0.026732543595849,SAN JORGE,44.61003875732422,44.61003875732422,44.61003875732422,44.61003875732422,0.0,425.68057107238565,425.68057107238565,425.68057107238565,425.68057107238565,1.3626140323034746E-4,,,,,,-0.37242771981821776,-0.3924191857541202,-0.3769000336215126,-0.35345105241600594,0.06385382400379809,11,0.0,0.0,0.0,0.0,0.0,0.0,0.0,0.0,0.0,0.0,0.015532015557778363,-0.4338277608281388,0.0198212372035373,0.4725615832270408,0.3448602492693231,"{""type"":""Polygon"",""coordinates"":[[[-53.153476,-18.722952999999997],[-53.15185499999999,-18.722582],[-53.15185499999999,-18.708869000000004],[-53.154306999999996,-18.710353],[-53.154919,-18.710734],[-53.154988,-18.710795],[-53.154983,-18.710841],[-53.154881,-18.711059],[-53.154886,-18.711207000000005],[-53.155326,-18.713361],[-53.155348,-18.713549],[-53.15576599999999,-18.715551],[-53.155991,-18.716775],[-53.15622700000001,-18.717863],[-53.156501,-18.719310999999998],[-53.156973,-18.721612],[-53.157139,-18.722511],[-53.15737,-18.723634],[-53.157380999999994,-18.723802],[-53.157333,-18.723863],[-53.157225,-18.723868000000003],[-53.153476,-18.722952999999997]]]}"
24,199.45,,,,,,779.4448453756071,771.9661499023438,780.0628794515516,785.9145802414639,5.265039782336165,C2,0.4429790710786023,0.212904172904885,0.419967988719709,0.7326033081785971,0.19141228903218832,3,,,,,,0.4820939156143439,0.2948087421460659,0.5095841715970681,0.6425212428958722,0.13229634230903206,-0.5276776737011225,-0.6544141322374344,-0.497992031490943,-0.45132190760747887,0.09014892545674084,0.24402368361921267,0.2098847829785005,0.2469729799651362,0.27237282319979444,0.0283932405479885,0.9154613991369004,0.8888590801440749,0.9277561540929199,0.9354913206865227,0.05158752829169457,0.8562961804041613,0.7949806764017672,0.8810399122173052,0.9000720374369368,0.06812331559524729,0.38778372543577794,0.223730507879997,0.4267382961253482,0.4735912385681017,0.08858300339407305,0.6384292533449845,0.38098443081359673,0.6817806600334982,0.8497359206697203,0.17489781585064293,-0.6337422828084829,-0.7646254195439468,-0.6435282080149314,-0.49122228053613193,0.10448733092652467,SAN JORGE,44.61003875732422,44.61003875732422,44.61003875732422,44.61003875732422,1.702007701851603E-5,425.68057107238565,425.68057107238565,425.68057107238565,425.68057107238565,2.447956464857226E-4,,,,,,-0.44629304020581667,-0.5175891392321521,-0.46289652362864286,-0.3614306823872705,0.07872298450589209,22,0.0,0.0,0.0,0.0,0.0,0.0,0.0,0.0,0.0,0.0,0.04756130330220553,-0.33582585341144316,0.05480644198909859,0.4285547262545725,0.30005323321887833,"{""type"":""Polygon"",""coordinates"":[[[-53.157499,-18.723985000000003],[-53.157874,-18.724051],[-53.17065800000001,-18.726662],[-53.170749,-18.726723],[-53.170792000000006,-18.726926],[-53.17095299999999,-18.728261999999997],[-53.171001,-18.728536999999996],[-53.171124,-18.729502],[-53.15858800000001,-18.729502000000004],[-53.158416,-18.728576999999998],[-53.158319999999996,-18.728176],[-53.15818000000001,-18.727409],[-53.158100000000005,-18.727074],[-53.157499,-18.723985000000003]]]}"
25,175.12,,,,,,757.4500708997599,747.9464647956557,757.4153747558594,766.8248688275523,7.052999018412929,B2,0.3059857624085269,0.22067430797568807,0.25178028930586965,0.41614290839757084,0.09234745192386087,3,,,,,,0.28883819906380104,0.22951165008049654,0.2586601665674111,0.3761109664590652,0.06641282933026743,-0.48066823299750655,-0.5606097306262848,-0.5058665591311728,-0.361053815110782,0.08681862863582744,0.15412921693764353,0.14359855355483833,0.1533037390923324,0.16498479646945244,0.013315632552172524,0.8540428194099738,0.7285675357918009,0.8727679221748667,0.9315859319732018,0.08169524743517506,0.8844501397390996,0.8809903213865633,0.8926066026474644,0.9001631516040571,0.057723282488399724,0.3733745864124674,0.3095421061660703,0.3798926104850407,0.4168720075308805,0.052409892416914614,0.4442516295548166,0.34606712792004646,0.39622599814770215,0.5998990020899932,0.10973657862920655,-0.512921833912919,-0.5927815131496256,-0.49899176118570726,-0.44228743043201435,0.05602935227482924,SAN JORGE,44.61003875732422,44.61003875732422,44.61003875732422,44.61003875732422,8.00019528291382E-6,425.68057107238565,425.68057107238565,425.68057107238565,425.68057107238565,1.846675352174134E-4,,,,,,-0.3823882794382267,-0.43353482488474515,-0.37045484480900204,-0.3485096678854804,0.056809887100161584,12,0.0,0.0,0.0,0.0,0.0,0.0,0.0,0.0,0.0,0.0,-5.461725636788211E-4,-0.464886474609375,0.00406040952005927,0.45727900673274213,0.34715200867111345,"{""type"":""Polygon"",""coordinates"":[[[-53.15855,-18.729502000000004],[-53.15185499999999,-18.729502000000004],[-53.151855,-18.722608],[-53.152885000000005,-18.722841999999996],[-53.157091,-18.723878],[-53.15743400000001,-18.723949],[-53.157483,-18.724132],[-53.15855,-18.729502000000004]]]}"
26,85.27,,,,,,735.8693939469496,723.8305035811803,736.1260375976562,747.6576697380988,8.67217277773289,E2,0.789572657400183,0.6976755269600053,0.8067481999046765,0.8612816067302851,0.09625919226305137,3,,,,,,0.6218952987388663,0.5528228798141172,0.630917827078397,0.6775307235583453,0.06090095915574471,-0.6051371162453062,-0.6971444847457337,-0.6504925259670029,-0.4669440644538512,0.11322962053850645,0.8681192848905789,0.8416180140979973,0.8770434607110137,0.8958217538320101,0.0630661170422662,0.8937295055160961,0.8144443996045342,0.9239788609437454,0.9348958469718193,0.07281719650378454,0.2848978719019565,0.25591308125607093,0.27930923320997963,0.3182882726890522,0.03501191565699837,0.2885923892707898,0.2286234060068614,0.25965561466216736,0.3809393808382367,0.0767009462827506,0.8013551124959335,0.7168385943677541,0.8183220391115431,0.8573669491837558,0.07188603336646084,-0.708279705625754,-0.7568610401553962,-0.7157820029988315,-0.6455369846457288,0.04842982211491363,SAN JORGE,48.474363155005435,48.86197280883789,48.86197280883789,48.86197280883789,1.2441834689875593,429.5770738504653,429.96791114500957,429.96791114500957,429.96791114500957,1.254543829828225,,,,,,-0.5026684403132811,-0.5252960630231521,-0.5097942384806546,-0.4784825347461831,0.07396748130943519,32,0.0,0.0,0.0,0.0,0.0,0.0,0.0,0.0,0.0,0.0,-0.01639320917566522,-0.5153158270228024,-0.015868001579950934,0.453873522531454,0.45743333871176917,"{""type"":""Polygon"",""coordinates"":[[[-53.165057,-18.689764],[-53.165336,-18.689971999999997],[-53.16576,-18.690252],[-53.16824900000001,-18.691852],[-53.168957,-18.692289],[-53.16921500000001,-18.692472000000002],[-53.170969,-18.693579999999997],[-53.171639,-18.694012],[-53.171672,-18.694053],[-53.171666,-18.694098],[-53.171548,-18.694322],[-53.17143,-18.694607],[-53.17070100000001,-18.696446],[-53.168335000000006,-18.702472000000004],[-53.168308,-18.702527999999997],[-53.16828699999999,-18.702538000000004],[-53.161367,-18.698199],[-53.161280999999995,-18.698108],[-53.161291,-18.698035999999995],[-53.161592,-18.697361000000004],[-53.164521,-18.690933],[-53.164896,-18.690144999999998],[-53.165057,-18.689764]]]}"
27,89.58,,,,,,729.4099522417558,715.6100911388107,729.39779675342,743.11025390625,9.962417747497122,E3,0.32158060880105555,0.22095346337912572,0.31051825694064383,0.4278280294595717,0.0939946195133315,3,,,,,,0.2878413289632654,0.23549174967532358,0.282256697781096,0.33888268921349063,0.04912072392489701,-0.7074776105002137,-0.7518443376111221,-0.7244657797139679,-0.6425403002431598,0.06390825268666957,0.4473925014473276,0.34961846412964237,0.41196321569118116,0.5877943232883738,0.10764832994388307,0.9131762470762466,0.8894076452535742,0.9248507645313208,0.9286546999959446,0.04956495332176689,0.6748388632444104,0.5918100902480427,0.6854553764930039,0.7478876767415967,0.07972209455887924,0.2056986365760327,0.1747867555782177,0.19431598404932052,0.2547405753698916,0.03471017641660835,0.4552241173805952,0.33673380469453745,0.461877341178286,0.5633531804968112,0.08649129497529635,-0.49701482712882133,-0.5288976145280725,-0.4966113254526441,-0.4634034728462046,0.028936457963293312,SAN JORGE,46.50537945553768,44.61003875732422,44.61003875732422,48.86197280883789,2.1138246314927924,427.5916943466798,425.68057107238565,425.68057107238565,429.96791114500957,2.1314265395615326,,,,,,-0.3861103289118923,-0.4237882959153613,-0.392583313552616,-0.3456300490059203,0.059263210542225046,33,0.0,0.0,0.0,0.0,0.0,0.0,0.0,0.0,0.0,0.0,-0.07643789386637935,-0.5856153389412463,-0.06971458111654585,0.44538883233041493,0.4007273856259442,"{""type"":""Polygon"",""coordinates"":[[[-53.171688,-18.694109],[-53.17172000000001,-18.694093],[-53.17179,-18.694103999999996],[-53.172031,-18.694281000000004],[-53.172728,-18.694713000000004],[-53.173828,-18.695435],[-53.173828,-18.706004],[-53.17187,-18.704784],[-53.16937,-18.703199],[-53.16841,-18.702615],[-53.168373,-18.702589],[-53.168351,-18.702527999999997],[-53.168448,-18.702244000000004],[-53.17128499999999,-18.695088999999996],[-53.171436,-18.694673],[-53.171688,-18.694109]]]}"
28,135.76,,,,,,761.9198328916783,750.8661278614657,761.8243489800259,773.1320094407614,8.360843567110912,A4,0.3350594766407192,0.24422700131170708,0.3300232137091926,0.4274529213257326,0.08219505899106606,3,,,,,,0.2831643396745391,0.24712726277183922,0.27433950074099833,0.3253694181539379,0.042087456025354845,-0.7457655690410976,-0.771331071967054,-0.7598886451446932,-0.6974385599605739,0.06002573902329991,0.48749754503036236,0.36919891275070543,0.4942039621236601,0.5841255446045007,0.08316369679360341,0.9092551598776808,0.9045237284145697,0.9161150572192068,0.9240798709129461,0.043631720253268724,0.7543105185159904,0.6659612652695586,0.775357968806842,0.8065584603905411,0.08288801530581268,0.1634895908365821,0.14752016906116536,0.15722516054164604,0.17665753617495225,0.029335178727237052,0.4806662664462342,0.40416642111771484,0.478483189187375,0.5645023369228364,0.06490060442625871,-0.4902527845685762,-0.5146319854334175,-0.48735073092739645,-0.4698479099177862,0.022258751319283406,SAN JORGE,44.76361502026869,44.61003875732422,44.61003875732422,44.61003875732422,0.8152696183451824,425.835426170829,425.68057107238565,425.68057107238565,425.68057107238565,0.8220584450235416,,,,,,-0.3945757415159812,-0.4238135243948053,-0.39646856749506804,-0.3691749249368248,0.04357103273132619,4,0.0,0.0,0.0,0.0,0.0,0.0,0.0,0.0,0.0,0.0,0.01437557267480646,-0.5081074994389436,0.023433573616311473,0.5231138350967357,0.39285221944006365,"{""type"":""Polygon"",""coordinates"":[[[-53.161254,-18.698214],[-53.161324,-18.698219],[-53.161576000000004,-18.698367],[-53.173828,-18.706044],[-53.173828,-18.708692],[-53.164875,-18.708691999999996],[-53.163614,-18.70797],[-53.161544,-18.706685],[-53.15977899999999,-18.705633],[-53.158100000000005,-18.704667],[-53.15805100000001,-18.704622000000004],[-53.15805100000001,-18.704545],[-53.158218,-18.704200000000004],[-53.158765,-18.703128],[-53.15922100000001,-18.702284],[-53.159822,-18.701121],[-53.160685,-18.699363],[-53.161206,-18.69826],[-53.161254,-18.698214]]]}"
29,116.55,,,,,,739.1834415936858,732.8155495779855,738.9351733979724,745.4453822754333,4.806280043367615,E1,0.5767092518505912,0.252035658960793,0.6349033246652649,0.8105497409626888,0.20928477269451057,3,,,,,,0.4722374298013633,0.2713326878918003,0.49783727305410147,0.6308904486543992,0.1367496111353771,-0.5475506370677458,-0.7011777706940969,-0.544903127908418,-0.38873488226221503,0.12513671112335378,0.7541325061056604,0.5024333836461202,0.8417774896156347,0.9000940877815773,0.17187997731606128,0.8198358010370949,0.6658985237389056,0.8575360551476479,0.9199340588679241,0.1067731966179144,0.2261467552130601,0.1699860242119714,0.24029195559195712,0.27527093739236275,0.049011289343739405,0.2722851639693494,0.18555978699807685,0.25187358238242846,0.39645311955672696,0.0807578071910687,0.6361556407024621,0.4006339407885742,0.6776722428471802,0.8263775958018669,0.16363084841997202,-0.5956896024271895,-0.7246006837552393,-0.6111875893662947,-0.45888808543084625,0.0992843032126879,SAN JORGE,48.86197280883789,48.86197280883789,48.86197280883789,48.86197280883789,0.0,429.96791114500957,429.96791114500957,429.96791114500957,429.96791114500957,8.541214243223871E-5,,,,,,-0.4488918572209434,-0.5115980202115901,-0.46507499136604485,-0.3712158259289357,0.07856310931262096,31,0.0,0.0,0.0,0.0,0.0,0.0,0.0,0.0,0.0,0.0,-0.015364910146393065,-0.3474678325680378,-0.011572250496100504,0.30870777172046704,0.2551915492614982,"{""type"":""Polygon"",""coordinates"":[[[-53.15185499999999,-18.690515999999995],[-53.153068,-18.687879000000002],[-53.161265,-18.687878999999995],[-53.162279,-18.688311],[-53.163148,-18.688626],[-53.163663,-18.688844],[-53.164237,-18.689114],[-53.164462,-18.689266],[-53.16490700000001,-18.689622000000004],[-53.164998,-18.689713],[-53.165009,-18.689774],[-53.16487,-18.690155],[-53.162761,-18.694729],[-53.161254,-18.698061999999997],[-53.161232,-18.698077],[-53.161088,-18.698011],[-53.158894,-18.696659],[-53.151855,-18.692396],[-53.15185499999999,-18.690515999999995]]]}"
30,98.16,,,,,,752.9939756959011,747.6810046740131,751.9370588030134,759.8410326599424,4.540261782622565,A3,0.48511589112874703,0.32617604091288066,0.4746491837823702,0.6388028971959853,0.12192689864602707,3,,,,,,0.40721407503628176,0.3076695532674134,0.4090781097005053,0.5027777946522151,0.07852755809106458,-0.23526874096482875,-0.31443080769537907,-0.2323846148279191,-0.14250971360766926,0.08501235991454582,0.19532917387700932,0.17486587242131446,0.19822998974176823,0.2119441518615368,0.018969734832766302,0.7709242592731209,0.6737544334133616,0.7792603313816492,0.8496927379655808,0.07249992949226032,0.8915310506506064,0.8731172819333047,0.9043596818135058,0.9159226982505227,0.08021775084187575,0.5356555183082921,0.45494727031098386,0.5567371686833814,0.5916930803078049,0.08142161926749206,0.5711838289922987,0.4629740903721254,0.5566176409702501,0.7240783524599007,0.11421221872737503,-0.5547730820491723,-0.639575739701589,-0.5557181029928012,-0.4559804573452635,0.0665004539684958,SAN JORGE,47.40653930522199,44.61003875732422,48.86197280883789,48.86197280883789,2.019060256479262,428.5003581897438,425.68057107238565,429.96791114500957,429.96791114500957,2.0358730456857943,,,,,,-0.42573067275154414,-0.47842762264944194,-0.4238688914557459,-0.38889962231119235,0.06570610872214218,3,0.0,0.0,0.0,0.0,0.0,0.0,0.0,0.0,0.0,0.0,0.014291036352310514,-0.26926833170208275,0.011428332544376231,0.3004340936822126,0.22206437408905533,"{""type"":""Polygon"",""coordinates"":[[[-53.15185499999999,-18.700852],[-53.151855,-18.692422],[-53.159510000000004,-18.697071],[-53.160959,-18.697965],[-53.161184,-18.698082],[-53.161206,-18.698118],[-53.16120000000001,-18.698169],[-53.160723,-18.6992],[-53.16003599999999,-18.700618],[-53.159451000000004,-18.701766],[-53.15865800000001,-18.70325],[-53.158035,-18.704505000000005],[-53.157987,-18.704556],[-53.157907,-18.704545000000003],[-53.157633,-18.704383],[-53.15185499999999,-18.700852]]]}"
31,121.19,,,,,,774.613866161572,768.6914696940271,774.55189453125,780.5742745725264,4.520293009723032,A1,0.38330370832784355,0.30264147614876613,0.34156922338296264,0.47010201023197257,0.08165160851180771,3,,,,,,0.4149835825613444,0.3640754606631832,0.3857195033510987,0.5108613542316769,0.060406643180033866,-0.5964764304926518,-0.6591136656463707,-0.6083746217989292,-0.5301795109115397,0.06839607125692797,0.1960950674542575,0.1846422730594046,0.1943447302935958,0.20798078622621002,0.029065068817019393,0.8923250754610901,0.8720059238729022,0.9012409359622762,0.9188335233053188,0.052160956066734494,0.8382801258256065,0.6897877640084833,0.8768761313018547,0.89248807516458,0.10350468985059658,0.295848644968439,0.23743424300581276,0.29187843995769897,0.3270644765704825,0.05749083440936394,0.526331504153704,0.47552803195001886,0.516621663662885,0.5988363921642303,0.05790003274071928,-0.531022868714341,-0.5693553120544792,-0.5439872803765372,-0.46190669698438613,0.046396382877542795,SAN JORGE,44.61003875732422,44.61003875732422,44.61003875732422,44.61003875732422,0.0,425.68057107238565,425.68057107238565,425.68057107238565,425.68057107238565,0.0,,,,,,-0.4067407415253338,-0.4353622108697891,-0.40826908415498814,-0.3923678013250948,0.07044564709574178,1,0.0,0.0,0.0,0.0,0.0,0.0,0.0,0.0,0.0,0.0,0.056044509389180305,-0.3403840303584433,0.0588037109375,0.4503377977308336,0.3043984517453479,"{""type"":""Polygon"",""coordinates"":[[[-53.157982,-18.704712999999998],[-53.158041,-18.704698],[-53.15811,-18.704717999999996],[-53.15967700000001,-18.705613000000003],[-53.161882,-18.706934000000004],[-53.16244999999999,-18.707284],[-53.163008,-18.707655],[-53.164805,-18.708692],[-53.15609299999999,-18.708691999999996],[-53.15768099999999,-18.705303],[-53.157944,-18.704759],[-53.157982,-18.704712999999998]]]}"
32,90.49,,,,,,757.8491989899622,751.6987463909646,757.4083099365234,764.8009759881196,4.804305012629483,A2,0.40706513677133926,0.2950094729889944,0.4393700680427877,0.49401846586408654,0.08569884626285536,3,,,,,,0.442912244508536,0.35635883837243254,0.42695632411373985,0.5677509090075126,0.07786133760361513,-0.5878907238136755,-0.6854215510620884,-0.6229334366269625,-0.42009333103240515,0.1077953550221952,0.16332094280664122,0.1550417325474271,0.16380259785041681,0.1711228203354977,0.007673864179977728,0.9116319186974017,0.8964425996881754,0.9160013516663655,0.9274831785969124,0.04224137905184087,0.8591013146376585,0.7946182171100729,0.8887388903194187,0.8963005146720433,0.09164645337883612,0.32374119488372655,0.2295214746277612,0.28991170428221613,0.4892301979862775,0.095627308432337,0.5636004237711801,0.47856044379054763,0.5214269332720752,0.7478834979033334,0.09806267395523892,-0.5508413052627438,-0.6846166828346084,-0.5478428199392767,-0.45016622315731375,0.07770284386303251,SAN JORGE,44.61003875732422,44.61003875732422,44.61003875732422,44.61003875732422,0.0,425.68057107238565,425.68057107238565,425.68057107238565,425.68057107238565,1.649824715945415E-4,,,,,,-0.4213118769895668,-0.4863277641617603,-0.41200095115515856,-0.39662524765688095,0.06913313463893031,2,0.0,0.0,0.0,0.0,0.0,0.0,0.0,0.0,0.0,0.0,-0.013586131399853917,-0.36257579891188235,-0.01959434266075339,0.34716296271194796,0.2759122735621212,"{""type"":""Polygon"",""coordinates"":[[[-53.156034,-18.708692000000003],[-53.15185499999999,-18.708692],[-53.151855,-18.700922999999996],[-53.15445700000001,-18.702533],[-53.15487,-18.702767000000005],[-53.157719,-18.704478999999996],[-53.157917,-18.704622000000004],[-53.157933,-18.704662],[-53.15792299999999,-18.704708],[-53.157719,-18.705084],[-53.15751999999999,-18.705551999999997],[-53.156034,-18.708692000000003]]]}"
33,116.55,,,,,,732.3975896212063,729.9378051757812,732.4515620766348,734.9500732421875,1.8716182137490287,E1,0.6814308314614732,0.5054432032068226,0.7205650515324016,0.7988480385646288,0.14437680458701863,3,,,,,,0.5287310434034032,0.4135886430740356,0.5378430861690983,0.6382704728255447,0.09436868543777564,-0.48057607337492864,-0.6501313080451907,-0.5176538653032674,-0.19590106032310275,0.1904130701234404,0.837853359967475,0.7714127183647597,0.8652828717862585,0.8884982870270809,0.11145001084996302,0.8390640463778862,0.626449704170227,0.8964815960379635,0.9240355739545034,0.16393489907582912,0.27404241025153386,0.25602592404121655,0.2713887245917647,0.29504906448298845,0.03866169846427222,0.35848797300295737,0.26652680186202504,0.3702200155956022,0.43039889630557593,0.0654257154055601,0.7477258975202766,0.6084886789321899,0.7515230640288322,0.8693024501767497,0.13128020333290996,-0.6559947715982519,-0.751407245794932,-0.6456320926825511,-0.5911732196807862,0.07015123361547994,SAN JORGE,48.86197280883789,48.86197280883789,48.86197280883789,48.86197280883789,9.436608789079802E-6,429.96791114500957,429.96791114500957,429.96791114500957,429.96791114500957,6.454075338166608E-5,,,,,,-0.47959713395794334,-0.5272332237432823,-0.48770686428327187,-0.4340945108223492,0.15575135393262457,31,0.0,0.0,0.0,0.0,0.0,0.0,0.0,0.0,0.0,0.0,-0.12291296514906284,-0.6481562729908211,-0.08602961440759202,0.33502535640445213,0.4060098791674566,"{""type"":""Polygon"",""coordinates"":[[[-53.154404,-18.685048000000002],[-53.154489,-18.685053],[-53.154913,-18.685251],[-53.15573400000001,-18.685561],[-53.15626,-18.68581],[-53.156823,-18.686019000000005],[-53.157976,-18.686512],[-53.158352,-18.686648999999996],[-53.159473,-18.687127],[-53.15975699999999,-18.687228],[-53.161265,-18.687878999999995],[-53.153068,-18.687879000000002],[-53.15416199999999,-18.685485],[-53.154360999999994,-18.685084],[-53.154404,-18.685048000000002]]]}"
34,175.12,,,,,,733.6245978393544,729.1298522949219,733.5616029576344,738.1872965494791,3.3881749691009864,B2,0.4167307490513982,0.1973834153695005,0.4747476246392145,0.5682881403940626,0.14795539023889542,3,,,,,,0.3764638639802776,0.24569646428378736,0.3854595720767975,0.4993105958855671,0.1005490157059074,-0.33807816495886117,-0.5057379537893691,-0.31453082901912893,-0.16554616421708573,0.1408386766467451,0.1745207386078443,0.15047577815421878,0.16220594793629217,0.17751728304178585,0.09155198590730676,0.8320854678555362,0.7603967213544293,0.844645273929543,0.8798882267088995,0.05200912680097075,0.8777917432297062,0.8533460746048619,0.881189843343984,0.90051597231921,0.03711045293415652,0.494007302896675,0.3612434577089192,0.5137253789309495,0.6150517193533533,0.12414206490176433,0.5975139229710756,0.36540781516424753,0.6270007671375043,0.7908729550301322,0.16389792521486063,-0.5878913929694132,-0.6942940838983125,-0.6004646268666238,-0.4774609562363591,0.0842334673213405,SAN JORGE,44.07992632014931,44.61003875732422,44.61003875732422,44.61003875732422,2.368549309155678,425.1456056480732,425.68057107238565,425.68057107238565,425.68057107238565,2.3902325190106652,,,,,,-0.42836326367416855,-0.49822875169873726,-0.4354674552799611,-0.3575169705779813,0.11327741502142048,12,0.0,0.0,0.0,0.0,0.0,0.0,0.0,0.0,0.0,0.0,-0.24457083568902332,-0.7252765321707447,-0.2574462890625,0.27417270463288373,0.3906285479737807,"{""type"":""Polygon"",""coordinates"":[[[-53.149425,-18.729502000000004],[-53.15185499999999,-18.729502000000004],[-53.151855,-18.739358000000003],[-53.151625,-18.739353000000005],[-53.151571000000004,-18.739317],[-53.15154999999999,-18.739266],[-53.149425,-18.729502000000004]]]}"
35,168.27,,,,,,725.9893960985191,725.2123413085938,726.0064697265625,726.8270263671875,0.6182859714043822,B3,0.4146108895366352,0.2939266295023919,0.4447941612345272,0.46669554347704223,0.08585668140432703,3,,,,,,0.3433660117359717,0.29928264021873474,0.3355717957019806,0.3857331871986389,0.04000066352038681,-0.5255380074960198,-0.702843576669693,-0.5452633500099182,-0.2505422830581665,0.22647672554322087,0.7738324358315388,0.59531569480896,0.8011500239372253,0.9006285667419434,0.18000798760496903,0.8041928298026424,0.639007031917572,0.8162210583686829,0.9241188168525696,0.13711339789998633,0.2548482891959267,0.18852459016393439,0.22059263693504935,0.3896872358410821,0.11920216129905832,0.2786548223066226,0.20319999754428864,0.24125398695468903,0.4165973365306854,0.12043943248096209,0.608427889273128,0.4881252944469452,0.6515364646911621,0.6715010404586792,0.10792348881217396,-0.5785265579067629,-0.6036646962165833,-0.5774597525596619,-0.5515016913414001,0.03700056813369159,SAN JORGE,44.61003875732422,44.61003875732422,44.61003875732422,44.61003875732422,0.0,425.68057107238565,425.68057107238565,425.68057107238565,425.68057107238565,1.5088294448029913E-5,,,,,,-0.3777638148205891,-0.46032288670539856,-0.4536680281162262,-0.15316706895828247,0.2450675804283787,13,0.0,0.0,0.0,0.0,0.0,0.0,0.0,0.0,0.0,0.0,-0.812424617306,-1.17791748046875,-0.88067626953125,-0.25732421875,0.3620023133632514,"{""type"":""Polygon"",""coordinates"":[[[-53.151587000000006,-18.739388],[-53.151641000000005,-18.739373],[-53.151855,-18.739378000000002],[-53.15185499999999,-18.740846000000005],[-53.151555,-18.739464000000005],[-53.151555,-18.739429],[-53.151587000000006,-18.739388]]]}"
36,90.49,,,,,,753.6019901171284,753.1215209960938,753.861572265625,754.1405029296875,0.45068021093154925,A2,0.2076437833386886,0.12431264087723429,0.17901383305775997,0.2682613496087777,0.05811080976447405,3,,,,,,0.22365066839387718,0.21687042713165283,0.22545959055423737,0.22545959055423737,0.0076490794978752415,-0.5354603797559682,-0.6029902994632721,-0.5129007548093796,-0.42439478635787964,0.07573314578795423,0.15298655814856382,0.14657197892665863,0.153868168592453,0.15734349191188812,0.009161070046105023,0.7293581509662617,0.5514860153198242,0.6835557222366333,0.8464365005493164,0.1251945907409624,,,,,,0.19389777121029367,0.12709122896194458,0.17065496742725372,0.2434462010860443,0.04966372667403323,0.3510417786956196,0.23283545672893524,0.3034951984882355,0.4432911276817322,0.08512930788083421,-0.5129913886992041,-0.5467633008956909,-0.502833902835846,-0.45607367157936096,0.04050294545794151,SAN JORGE,44.61003875732422,44.61003875732422,44.61003875732422,44.61003875732422,0.0,425.68057107238565,425.68057107238565,425.68057107238565,425.68057107238565,0.0,,,,,,-0.21723642438016041,-0.3842529058456421,-0.18588519096374512,0.10050930827856064,0.22687971730862355,2,0.0,0.0,0.0,0.0,0.0,0.0,0.0,0.0,0.0,0.0,-0.33150085634735943,-0.65850830078125,-0.16973876953125,0.03472900390625,0.2578549855800645,"{""type"":""Polygon"",""coordinates"":[[[-53.151855,-18.708808],[-53.15166200000001,-18.708691999999996],[-53.15185499999999,-18.708692],[-53.151855,-18.708808]]]}"
37,164.91,,,,,,748.2843879115654,742.1818486993963,747.9291863692434,755.1631687709263,4.847708073895586,B1,0.2505275126048971,0.21292129199531087,0.24411963343437582,0.29846349998696003,0.03918601491698418,3,,,,,,0.2950151263917609,0.2587543802332302,0.2939109176597511,0.3291306944303615,0.03320277174994223,-0.6627300809264646,-0.7518514423929102,-0.6893771645659674,-0.544989454893445,0.09737843422809009,0.3893666676118286,0.33019501906090215,0.3689889133951871,0.4900597832364947,0.06356076952992784,0.8962764335390645,0.82702310659684,0.9170579878673752,0.930582595582828,0.05202019787749567,0.7445861814810986,0.6278856799955843,0.768589814801451,0.8232857126144566,0.07596677166064839,0.23354635261260018,0.17406306426246046,0.20103074696564396,0.3145278217086945,0.06671662300978948,0.4211545291617382,0.36535639599884867,0.4198536860574623,0.4786733884230072,0.050053723046575085,-0.5058399485078897,-0.5322230971811364,-0.5049117382442206,-0.47361900029924253,0.02588111433428131,SAN JORGE,38.31713339665442,34.987762451171946,34.987762451171946,44.61003875732421,4.577369240797059,419.33005644504146,415.970206315836,415.970206315836,425.6805710723856,4.619273394434862,,,,,,-0.37120902379733495,-0.38857475346945625,-0.3730272006744215,-0.3536117103035919,0.05263458173306866,11,0.0,0.0,0.0,0.0,0.0,0.0,0.0,0.0,0.0,0.0,-0.05461116881766697,-0.44542101662466227,-0.054380908514241814,0.35171666059877066,0.31589437594292386,"{""type"":""Polygon"",""coordinates"":[[[-53.14510700000001,-18.709498999999997],[-53.145091,-18.708692],[-53.15155000000001,-18.708692],[-53.15185499999999,-18.708869000000004],[-53.15185499999999,-18.722582],[-53.14809,-18.721770000000003],[-53.1478,-18.721749],[-53.147768,-18.721739],[-53.14773,-18.721683000000002],[-53.145332,-18.710612000000005],[-53.145289,-18.710465000000003],[-53.145134,-18.709713],[-53.14510700000001,-18.709498999999997]]]}"
38,175.12,,,,,,742.0923874643088,737.5475762383934,741.5728020918997,747.2739799067659,3.694406382314586,B2,0.24092467186034147,0.19238322331926702,0.22169397180819536,0.3878037533797062,0.07372834949386585,3,,,,,,0.26229975281984264,0.22380378263829426,0.24501371179645395,0.37206479055540903,0.056549019568483794,-0.5466977550163368,-0.5994468303887468,-0.5605133930733666,-0.48636762095674013,0.08209142912706074,0.15415396367361608,0.13896159484673754,0.14646851354579427,0.15792282485028733,0.06929622192482804,0.9196024611347594,0.8777972445086368,0.9326346125996379,0.938391072680541,0.04711677214957632,0.8685288381530599,0.7758770759049247,0.8974378999818561,0.9052797678798895,0.078770593323001,0.37290470611842275,0.3339511184918082,0.3690304130241791,0.4043468979147753,0.058501116934962856,0.39648218627721654,0.33395112097598456,0.36900651370382004,0.5765532337396269,0.08989264449763532,-0.5040421274402607,-0.583118998791562,-0.4930940831428905,-0.47372343724792754,0.043175841038649694,SAN JORGE,40.362541511807876,34.987762451171896,44.610038757324205,44.610038757324205,4.7852686606464285,421.39418952979145,415.97020631580483,425.68057107238553,425.68057107238553,4.829076058889904,,,,,,-0.362236236011796,-0.4195985010486787,-0.3575055450719067,-0.3419530129617064,0.07041384985946894,12,0.0,0.0,0.0,0.0,0.0,0.0,0.0,0.0,0.0,0.0,-0.12620082395816973,-0.6177714106375609,-0.11730562017205057,0.3535971121246628,0.3776805077527769,"{""type"":""Polygon"",""coordinates"":[[[-53.147993,-18.721774999999997],[-53.148251,-18.721824999999995],[-53.151855,-18.722608],[-53.15185499999999,-18.729502000000004],[-53.149425,-18.729502000000004],[-53.148288,-18.724295],[-53.14776799999999,-18.721836],[-53.14776799999999,-18.7218],[-53.147784,-18.721785],[-53.147993,-18.721774999999997]]]}"
39,116.55,,,,,,744.7761429668683,743.2442626953125,744.8989868164062,745.6371459960938,1.0083176711101838,E1,0.19797184244476246,0.11030631654751225,0.182197462115993,0.279801002568204,0.07625056406106802,3,,,,,,0.2029687206859703,0.16484898328781128,0.19903990626335144,0.2573587894439697,0.03706089454855309,-0.5868592070816103,-0.7585889774458603,-0.6865484565496445,-0.24551955642907516,0.2247565602140642,0.2959260355707629,0.16477360050736764,0.293225035071373,0.4070706069469452,0.09687423702988456,0.7429352007594724,0.42560362815856934,0.8458179235458374,0.9163840643507166,0.21852510279403684,0.17097205543045896,0.14264957071346143,0.16261027065400305,0.1927577873607602,0.09285769518692225,0.15607599367786198,0.13415700058142344,0.15108637800139765,0.16891666191586097,0.0554378266117623,0.3002827660261861,0.1823501594058455,0.30001014471054077,0.39125030246135345,0.07978946672860404,-0.41658478461160636,-0.4573795199394226,-0.4175725128199603,-0.35330348994050703,0.040598697795320084,SAN JORGE,48.86197280883789,48.86197280883789,48.86197280883789,48.86197280883789,0.0,429.96791114500957,429.96791114500957,429.96791114500957,429.96791114500957,0.0,,,,,,-0.3069425237366131,-0.368845748675378,-0.33715033690509555,-0.21698857843875885,0.23341063932532696,31,0.0,0.0,0.0,0.0,0.0,0.0,0.0,0.0,0.0,0.0,0.045429806970437706,-0.2123359473975929,0.03204345703125,0.319580078125,0.20381537825163606,"{""type"":""Polygon"",""coordinates"":[[[-53.15185499999999,-18.690515999999995],[-53.151855,-18.692396],[-53.15124900000001,-18.69204],[-53.151222000000004,-18.691989999999997],[-53.151222000000004,-18.691929000000002],[-53.15185499999999,-18.690515999999995]]]}"
40,98.16,,,,,,750.6096871478084,748.6921997070312,750.5994110107422,752.542231633113,1.5464391180056343,A3,0.4827835304872856,0.31039176921026074,0.47826128120737005,0.6504820463910477,0.12750964231106673,3,,,,,,0.40601525225316765,0.30741880190066173,0.40115306204960305,0.49721216556316705,0.07161072568112951,-0.31308198696150735,-0.39761079853565995,-0.30763214853483933,-0.2431981536475095,0.06859550618399297,0.2013325366287742,0.1924309222879326,0.20219503734389696,0.20994176212210952,0.019069851995239483,0.8302317416356375,0.7518865586344069,0.8495314233487123,0.8847304500831251,0.059639503507249905,0.901774376428402,0.8848963250232205,0.9082987506849765,0.9156988306542073,0.0431400954866455,0.5171497546741306,0.43087514724684123,0.5323481624418333,0.5849892187684921,0.06856077670320604,0.5431226122487874,0.46691245770952994,0.5410167126699482,0.6231514137901673,0.07124700284278894,-0.5422991474059551,-0.5945022316539988,-0.5457724725900606,-0.4795719350535206,0.050387756943615324,SAN JORGE,47.75940490385767,45.141712188720696,48.861972808837876,48.86197280883789,1.7442333915152057,429.74804297801467,429.7023732113885,429.96791114500934,429.96791114500957,0.8303917417331637,,,,,,-0.41395918184519054,-0.44763968760832806,-0.41985929403474553,-0.39274235498183613,0.1028903189184935,3,0.0,0.0,0.0,0.0,0.0,0.0,0.0,0.0,0.0,0.0,0.03736201964830605,-0.2307228180299322,0.019214310581350116,0.3242040519156373,0.2260621513921424,"{""type"":""Polygon"",""coordinates"":[[[-53.151163,-18.692046],[-53.151217,-18.692051],[-53.151855,-18.692422],[-53.15185499999999,-18.700852],[-53.148653,-18.698905],[-53.148202,-18.698656],[-53.14816999999999,-18.698616],[-53.148202,-18.698498999999998],[-53.148861999999994,-18.697046000000004],[-53.151163,-18.692046]]]}"
41,90.49,,,,,,748.9169874512306,746.7237115343241,748.9077592318401,751.3516865113598,1.7445679927744073,A2,0.3186548634364995,0.19362434713673035,0.3261577569606619,0.4786359355723634,0.10739593972130186,3,,,,,,0.32087595824343956,0.20215666245316047,0.3445595550915913,0.4229098568747054,0.09234693964616146,-0.572370357318541,-0.7011394365114803,-0.583979002318599,-0.43970306739580367,0.096197630661542,0.16925623256338912,0.155346596782018,0.16697514067877461,0.1825780355551,0.019442411242455444,0.8798175081702949,0.7869409802001665,0.9003592310854127,0.9276034532855228,0.07515169091066949,0.8633375408872777,0.8067732273959853,0.888766851117357,0.900244723334942,0.07698232871986396,0.3074471508517546,0.21585232127157972,0.3095983267754339,0.35820623186545264,0.06598732465089184,0.43598529216594595,0.3068855169428515,0.4628146938126337,0.5491230335466936,0.10360783345446806,-0.4986024848791825,-0.5712987557858085,-0.4755233955082628,-0.43654867502152866,0.05683862025089234,SAN JORGE,38.90132720396674,34.987762451171896,34.987762451171896,44.610038757324226,4.76815965404063,420.0718029462166,415.97020631583644,415.97020631583644,425.6805710723856,5.075059669561995,,,,,,-0.3744603807596917,-0.4176069274790496,-0.38712822052843027,-0.3328098150245727,0.09513162190895226,2,0.0,0.0,0.0,0.0,0.0,0.0,0.0,0.0,0.0,0.0,-0.022902547455382023,-0.3207453897554581,-0.03887155603271455,0.2732081497628681,0.2589113932906194,"{""type"":""Polygon"",""coordinates"":[[[-53.148116,-18.698697000000003],[-53.148192,-18.698686999999996],[-53.148261000000005,-18.698722],[-53.15016,-18.699871],[-53.151855,-18.700922999999996],[-53.15185499999999,-18.708692],[-53.15166200000001,-18.708691999999996],[-53.150005,-18.707716],[-53.14789699999999,-18.706441000000005],[-53.145874,-18.705272],[-53.145311,-18.704972],[-53.145273,-18.704932],[-53.14527900000001,-18.704880999999997],[-53.145354,-18.704698],[-53.148116,-18.698697000000003]]]}"
42,164.91,,,,,,746.3557495931951,744.6715476296165,745.9733123779297,748.7918090820312,1.7185562071806864,B1,0.21983346074678284,0.19243256522627053,0.21768411674735827,0.2530414002304946,0.031234398540697178,3,,,,,,0.2612563231166386,0.2393196608211658,0.26074375413575446,0.29164175084054095,0.028731141271588382,-0.7061924848789943,-0.7476780890425655,-0.7364431233103346,-0.6231744764445744,0.0901413318161703,0.3230339588915733,0.2511584924327003,0.32713351957995285,0.40135528241209545,0.06531678899202557,0.9015212582388531,0.8805853337876766,0.9160173411774672,0.9274847139380306,0.08745312327821365,0.693694869349733,0.5143148569481413,0.7291370995559979,0.8041349774788081,0.11369120085316448,0.1953287733598591,0.16902502548949677,0.18067663870005443,0.2766558961434798,0.04489510050095831,0.37256866598060795,0.3310224777087569,0.37012863451173345,0.4266879676891665,0.047822331607708844,-0.48087233813209457,-0.5111846399481825,-0.4790324619927299,-0.460574498649725,0.02664944478738138,SAN JORGE,35.55217841516098,34.987762451171875,34.987762451171875,34.987762451171875,2.4642657878801986,416.53978930328753,415.9702063158038,415.9702063158038,415.9702063158038,2.486825245734668,,,,,,-0.3476015178156103,-0.37331519524256385,-0.35361332726646916,-0.3420344886485533,0.11509737627586221,11,0.0,0.0,0.0,0.0,0.0,0.0,0.0,0.0,0.0,0.0,-0.01484173031717845,-0.28426286909315324,-0.043574917527053884,0.27795284410286253,0.2603548318671726,"{""type"":""Polygon"",""coordinates"":[[[-53.145241000000006,-18.705027999999995],[-53.1453,-18.705017999999995],[-53.145338,-18.705033],[-53.147591000000006,-18.706344000000005],[-53.15155000000001,-18.708692],[-53.145091,-18.708692],[-53.145037,-18.706075],[-53.14520400000001,-18.705074],[-53.145241000000006,-18.705027999999995]]]}"
